use,site_id,site_name,diocese,site_location,source,score,reason,distance_km,content_id,title,image_url,location,photographer,license,tags
"","ede390ef-348e-466b-a77e-0b0998c1ab03","5·18 기념성당(남동성당)","광주","광주광역시 동구 제봉로 67","tourinfo","6","조각(18)·500m 안","0.35","1621360","5·18 민주광장","https://tong.visitkorea.or.kr/cms/resource/35/3515235_image2_1.jpg","전남광주통합특별시 동구 문화전당로 38","TourAPI 관광정보(contentTypeId 12)","",""
"","ede390ef-348e-466b-a77e-0b0998c1ab03","5·18 기념성당(남동성당)","광주","광주광역시 동구 제봉로 67","tourinfo","4","조각(18)·2km 안","0.75","2755010","5·18민주화운동 기록관","http://tong.visitkorea.or.kr/cms/resource/32/3532032_image2_1.jpg","전남광주통합특별시 동구 금남로 221 (금남로3가)","TourAPI 관광정보(contentTypeId 14)","","A02060200"
"","fbf56b63-8140-4577-ad92-ce6bd3d78c76","가톨릭 대학교 성신 교정","서울","서울시 종로구 창경궁로 296-12 (혜화동 90-1)","tourinfo","6","조각(대학교)·500m 안","0.23","3025303","동덕여자대학교 공연예술센터","https://tong.visitkorea.or.kr/cms/resource/89/3025289_image2_1.jpg","서울특별시 종로구 동숭길 126 (동숭동)","TourAPI 관광정보(contentTypeId 14)","",""
"","fbf56b63-8140-4577-ad92-ce6bd3d78c76","가톨릭 대학교 성신 교정","서울","서울시 종로구 창경궁로 296-12 (혜화동 90-1)","tourinfo","4","조각(대학교)·2km 안","1.56","129822","성신여자대학교박물관","http://tong.visitkorea.or.kr/cms/resource/90/3393190_image2_1.jpg","서울특별시 성북구 보문로34다길 2 (돈암동)","TourAPI 관광정보(contentTypeId 14)","","A02060100"
"","fbf56b63-8140-4577-ad92-ce6bd3d78c76","가톨릭 대학교 성신 교정","서울","서울시 종로구 창경궁로 296-12 (혜화동 90-1)","tourinfo","4","조각(대학교)·2km 안","0.71","129838","성균관대학교 인문사회과학캠퍼스박물관","http://tong.visitkorea.or.kr/cms/resource/09/3556509_image2_1.jpg","서울특별시 종로구 성균관로 25-2 (명륜3가)","TourAPI 관광정보(contentTypeId 14)","","A02060100"
"","fbf56b63-8140-4577-ad92-ce6bd3d78c76","가톨릭 대학교 성신 교정","서울","서울시 종로구 창경궁로 296-12 (혜화동 90-1)","tourinfo","4","조각(대학교)·2km 안","0.88","130275","서울대학교병원 의학박물관","https://tong.visitkorea.or.kr/cms/resource/75/3501275_image2_1.jpg","서울특별시 종로구 대학로 101 (연건동)","TourAPI 관광정보(contentTypeId 14)","",""
"","fbf56b63-8140-4577-ad92-ce6bd3d78c76","가톨릭 대학교 성신 교정","서울","서울시 종로구 창경궁로 296-12 (혜화동 90-1)","tourinfo","4","조각(대학교)·2km 안","0.63","130934","서울대학교 치의학박물관","https://tong.visitkorea.or.kr/cms/resource/11/3496611_image2_1.jpg","서울특별시 종로구 대학로 101 (연건동)","TourAPI 관광정보(contentTypeId 14)","",""
"","fbf56b63-8140-4577-ad92-ce6bd3d78c76","가톨릭 대학교 성신 교정","서울","서울시 종로구 창경궁로 296-12 (혜화동 90-1)","tourinfo","4","조각(대학교·교정)","5.71","2366967","숙명여자대학교 정영양자수박물관","https://tong.visitkorea.or.kr/cms/resource/75/3505375_image2_1.jpg","서울특별시 용산구 청파로47길 99 (청파동3가)","TourAPI 관광정보(contentTypeId 14)","",""
"","fbf56b63-8140-4577-ad92-ce6bd3d78c76","가톨릭 대학교 성신 교정","서울","서울시 종로구 창경궁로 296-12 (혜화동 90-1)","tourinfo","4","조각(대학교)·2km 안","1.02","3013177","홍익대학교 대학로 아트센터","https://tong.visitkorea.or.kr/cms/resource/20/3012920_image2_1.jpg","서울특별시 종로구 대학로 57 (연건동)","TourAPI 관광정보(contentTypeId 14)","",""
"","fbf56b63-8140-4577-ad92-ce6bd3d78c76","가톨릭 대학교 성신 교정","서울","서울시 종로구 창경궁로 296-12 (혜화동 90-1)","tourinfo","4","조각(대학교)·2km 안","1.92","3085032","고려대학교 서울캠퍼스화정체육관","https://tong.visitkorea.or.kr/cms/resource/39/3084439_image2_1.JPG","서울특별시 성북구 개운사2길 48 (안암동5가)","TourAPI 관광정보(contentTypeId 14)","",""
"","fbf56b63-8140-4577-ad92-ce6bd3d78c76","가톨릭 대학교 성신 교정","서울","서울시 종로구 창경궁로 296-12 (혜화동 90-1)","tourinfo","4","조각(대학교)·2km 안","1.56","3448679","성신여자대학교","http://tong.visitkorea.or.kr/cms/resource/10/3448610_image2_1.jpg","서울특별시 성북구 보문로34다길 2 (돈암동)","TourAPI 관광정보(contentTypeId 14)","","A02061400"
"","a9d7452a-a271-4634-bbed-42e977532c69","가톨릭 목포 성지","광주","전라남도 목포시 산정동 90-1","tourinfo","11","제목=이름·종교어·500m 안","0.49","3006131","가톨릭 목포 성지","https://tong.visitkorea.or.kr/cms/resource/49/4054849_image2_1.jpg","전남광주통합특별시 목포시 노송길 35 (산정동)","TourAPI 관광정보(contentTypeId 12)","",""
"","a9d7452a-a271-4634-bbed-42e977532c69","가톨릭 목포 성지","광주","전라남도 목포시 산정동 90-1","tourinfo","4","조각(목포)·종교어","2.13","3006094","목포 경동성당","https://tong.visitkorea.or.kr/cms/resource/10/4098610_image2_1.jpg","전남광주통합특별시 목포시 해안로165번길 33","TourAPI 관광정보(contentTypeId 12)","",""
"","a9d7452a-a271-4634-bbed-42e977532c69","가톨릭 목포 성지","광주","전라남도 목포시 산정동 90-1","tourinfo","4","조각(목포)·2km 안","1.82","1057716","목포 종합수산시장","https://tong.visitkorea.or.kr/cms/resource/10/3088410_image2_1.jpg","전남광주통합특별시 목포시 해안로 265-4","TourAPI 관광정보(contentTypeId 38)","",""
"","a9d7452a-a271-4634-bbed-42e977532c69","가톨릭 목포 성지","광주","전라남도 목포시 산정동 90-1","tourinfo","4","조각(목포)·2km 안","0.50","1143723","목포 동부시장","https://tong.visitkorea.or.kr/cms/resource/55/3534255_image2_1.jpg","전남광주통합특별시 목포시 산정로 174","TourAPI 관광정보(contentTypeId 38)","",""
"","a9d7452a-a271-4634-bbed-42e977532c69","가톨릭 목포 성지","광주","전라남도 목포시 산정동 90-1","tourinfo","4","조각(목포)·2km 안","1.92","1177225","목포 자유시장","https://tong.visitkorea.or.kr/cms/resource/99/4057399_image2_1.jpg","전남광주통합특별시 목포시 자유로 122","TourAPI 관광정보(contentTypeId 38)","",""
"","a9d7452a-a271-4634-bbed-42e977532c69","가톨릭 목포 성지","광주","전라남도 목포시 산정동 90-1","tourinfo","4","조각(목포)·2km 안","1.08","1227095","목포 신중앙시장","http://tong.visitkorea.or.kr/cms/resource/47/3534247_image2_1.jpg","전남광주통합특별시 목포시 원산중앙로 51","TourAPI 관광정보(contentTypeId 38)","","A04010200"
"","a9d7452a-a271-4634-bbed-42e977532c69","가톨릭 목포 성지","광주","전라남도 목포시 산정동 90-1","tourinfo","4","조각(목포)·2km 안","1.76","127329","목포시사","https://tong.visitkorea.or.kr/cms/resource/43/4098943_image2_1.jpg","전남광주통합특별시 목포시 유달로 165","TourAPI 관광정보(contentTypeId 12)","",""
"","a9d7452a-a271-4634-bbed-42e977532c69","가톨릭 목포 성지","광주","전라남도 목포시 산정동 90-1","tourinfo","4","조각(목포)·2km 안","1.87","127331","목포오포대","https://tong.visitkorea.or.kr/cms/resource/55/3535155_image2_1.jpg","전남광주통합특별시 목포시 유달로 180","TourAPI 관광정보(contentTypeId 12)","",""
"","a9d7452a-a271-4634-bbed-42e977532c69","가톨릭 목포 성지","광주","전라남도 목포시 산정동 90-1","tourinfo","4","조각(목포)·2km 안","1.66","129713","목포문화원","http://tong.visitkorea.or.kr/cms/resource/91/3552891_image2_1.jpg","전남광주통합특별시 목포시 수강로12번길 41 (광동3가)","TourAPI 관광정보(contentTypeId 14)","","A02060700"
"","a9d7452a-a271-4634-bbed-42e977532c69","가톨릭 목포 성지","광주","전라남도 목포시 산정동 90-1","tourinfo","4","조각(목포)·2km 안","1.46","130753","목포시립도서관","http://tong.visitkorea.or.kr/cms/resource/68/3381468_image2_1.JPG","전남광주통합특별시 목포시 용당로160번길 32 (용당동)","TourAPI 관광정보(contentTypeId 14)","","A02060900"
"","4877a452-ffe2-4528-ab51-cb5ff3735d56","갈매못 순교성지","대전","충남 보령시 오천면 오천해안로 610","tourinfo","6","조각(갈매못)·종교어·2km 안","1.21","127634","순교성지 갈매못","https://tong.visitkorea.or.kr/cms/resource/26/3568026_image2_1.jpg","충청남도 보령시 오천면 오천해안로 610","TourAPI 관광정보(contentTypeId 12)","",""
"","750b4187-fb75-4e0d-bfcc-53bdacf032dd","갑곶 순교성지","인천","인천광역시 강화군 강화읍 해안동로1366번길 35","tourinfo","11","제목=이름·종교어·500m 안","0.09","2768133","갑곶순교성지","http://tong.visitkorea.or.kr/cms/resource/84/3533184_image2_1.jpg","인천광역시 강화군 강화읍 해안동로1366번길 35","TourAPI 관광정보(contentTypeId 12)","","A02010900"
"","750b4187-fb75-4e0d-bfcc-53bdacf032dd","갑곶 순교성지","인천","인천광역시 강화군 강화읍 해안동로1366번길 35","tourinfo","6","조각(갑곶)·500m 안","0.08","1254680","갑곶돈대","http://tong.visitkorea.or.kr/cms/resource/71/3364171_image2_1.jpg","인천광역시 강화군 강화읍 해안동로1366번길 18","TourAPI 관광정보(contentTypeId 12)","","A02010200"
"","750b4187-fb75-4e0d-bfcc-53bdacf032dd","갑곶 순교성지","인천","인천광역시 강화군 강화읍 해안동로1366번길 35","tourinfo","6","조각(갑곶)·500m 안","0.10","1619788","강화 갑곶리 탱자나무","https://tong.visitkorea.or.kr/cms/resource/77/3523577_image2_1.jpg","인천광역시 강화군 강화읍 갑곳리","TourAPI 관광정보(contentTypeId 12)","",""
"","98e959e5-4ace-4752-87bd-2fd3276a474c","강릉 대도호부 관아","춘천","강원도 강릉시 용강동 58-1","tourinfo","9","제목=이름·500m 안","0.16","2605187","강릉 대도호부 관아","https://tong.visitkorea.or.kr/cms/resource/79/3378379_image2_1.JPG","강원특별자치도 강릉시 임영로131번길 6","TourAPI 관광정보(contentTypeId 12)","",""
"","98e959e5-4ace-4752-87bd-2fd3276a474c","강릉 대도호부 관아","춘천","강원도 강릉시 용강동 58-1","tourinfo","6","조각(강릉)·500m 안","0.14","125788","강릉 임영관 삼문","https://tong.visitkorea.or.kr/cms/resource/25/3393425_image2_1.JPG","강원특별자치도 강릉시 임영로131번길 6","TourAPI 관광정보(contentTypeId 12)","",""
"","98e959e5-4ace-4752-87bd-2fd3276a474c","강릉 대도호부 관아","춘천","강원도 강릉시 용강동 58-1","tourinfo","6","조각(강릉)·500m 안","0.12","132773","강릉 서부시장","https://tong.visitkorea.or.kr/cms/resource/52/3069552_image2_1.jpg","강원특별자치도 강릉시 임영로155번길 6 (용강동)","TourAPI 관광정보(contentTypeId 38)","",""
"","98e959e5-4ace-4752-87bd-2fd3276a474c","강릉 대도호부 관아","춘천","강원도 강릉시 용강동 58-1","tourinfo","6","조각(강릉)·500m 안","0.16","2541883","강릉 국가유산야행","https://tong.visitkorea.or.kr/cms/resource/77/3317777_image2_1.jpg","강원특별자치도 강릉시 임영로131번길 6","TourAPI 관광정보(contentTypeId 15)","",""
"","98e959e5-4ace-4752-87bd-2fd3276a474c","강릉 대도호부 관아","춘천","강원도 강릉시 용강동 58-1","tourinfo","6","조각(강릉)·500m 안","0.37","2628994","강릉 명주동 거리","https://tong.visitkorea.or.kr/cms/resource/50/3088150_image2_1.jpg","강원특별자치도 강릉시 명주동","TourAPI 관광정보(contentTypeId 12)","",""
"","98e959e5-4ace-4752-87bd-2fd3276a474c","강릉 대도호부 관아","춘천","강원도 강릉시 용강동 58-1","tourinfo","6","조각(강릉)·500m 안","0.40","2702581","강릉 오금집","http://tong.visitkorea.or.kr/cms/resource/31/3378331_image2_1.JPG","강원특별자치도 강릉시 강릉대로210번길 23-9 (임당동)","TourAPI 관광정보(contentTypeId 12)","","A02010400"
"","98e959e5-4ace-4752-87bd-2fd3276a474c","강릉 대도호부 관아","춘천","강원도 강릉시 용강동 58-1","tourinfo","6","조각(강릉)·500m 안","0.46","2899189","ABC마트 MS 강릉금학점","https://tong.visitkorea.or.kr/cms/resource/78/4017978_image2_1.jpg","강원특별자치도 강릉시 금성로42번길 10 (금학동)","TourAPI 관광정보(contentTypeId 38)","",""
"","98e959e5-4ace-4752-87bd-2fd3276a474c","강릉 대도호부 관아","춘천","강원도 강릉시 용강동 58-1","tourinfo","6","조각(강릉)·500m 안","0.37","2903357","토니모리 강릉점","https://tong.visitkorea.or.kr/cms/resource/29/4042329_image2_1.JPG","강원특별자치도 강릉시 신대학길 17 (금학동)","TourAPI 관광정보(contentTypeId 38)","",""
"","98e959e5-4ace-4752-87bd-2fd3276a474c","강릉 대도호부 관아","춘천","강원도 강릉시 용강동 58-1","tourinfo","6","조각(강릉)·500m 안","0.50","2907693","헤지스 강릉점","https://tong.visitkorea.or.kr/cms/resource/47/4042147_image2_1.JPG","강원특별자치도 강릉시 금성로 49 (성남동)","TourAPI 관광정보(contentTypeId 38)","",""
"","98e959e5-4ace-4752-87bd-2fd3276a474c","강릉 대도호부 관아","춘천","강원도 강릉시 용강동 58-1","tourinfo","6","조각(강릉)·500m 안","0.49","2908698","나이키 강릉점","https://tong.visitkorea.or.kr/cms/resource/56/4042156_image2_1.JPG","강원특별자치도 강릉시 금성로 53-1 (성남동)","TourAPI 관광정보(contentTypeId 38)","",""
"","98e959e5-4ace-4752-87bd-2fd3276a474c","강릉 대도호부 관아","춘천","강원도 강릉시 용강동 58-1","photokorea","6","조각(강릉)·종교어·같은 시군(강릉)","","B9frCu","강릉 임당동 성당","https://tong.visitkorea.or.kr/cms/resource_photo/27/2828227_image2_1.jpg","강원도 강릉시 임당동","한국관광공사 김지호","Type1","강릉 임당동 성당, 강원도 강릉시, 종교, 천주교, 가톨릭, 파노라마"
"","98e959e5-4ace-4752-87bd-2fd3276a474c","강릉 대도호부 관아","춘천","강원도 강릉시 용강동 58-1","photokorea","6","조각(강릉)·종교어·같은 시군(강릉)","","F16D2P","강릉 임당동 성당","https://tong.visitkorea.or.kr/cms/resource_photo/23/2828223_image2_1.jpg","강원도 강릉시 임당동","한국관광공사 김지호","Type1","강릉 임당동 성당, 강원도 강릉시, 종교, 천주교, 가톨릭"
"","98e959e5-4ace-4752-87bd-2fd3276a474c","강릉 대도호부 관아","춘천","강원도 강릉시 용강동 58-1","photokorea","6","조각(강릉)·종교어·같은 시군(강릉)","","NOJVAf","강릉 임당동 성당","https://tong.visitkorea.or.kr/cms/resource_photo/10/2828210_image2_1.jpg","강원도 강릉시 임당동","한국관광공사 김지호","Type1","강릉 임당동 성당, 강원도 강릉시, 종교, 천주교, 가톨릭"
"","98e959e5-4ace-4752-87bd-2fd3276a474c","강릉 대도호부 관아","춘천","강원도 강릉시 용강동 58-1","photokorea","6","조각(강릉)·종교어·같은 시군(강릉)","","VNxXuS","강릉 임당동 성당","https://tong.visitkorea.or.kr/cms/resource_photo/26/2828226_image2_1.jpg","강원도 강릉시 임당동","한국관광공사 김지호","Type1","강릉 임당동 성당, 강원도 강릉시, 종교, 천주교, 가톨릭"
"","98e959e5-4ace-4752-87bd-2fd3276a474c","강릉 대도호부 관아","춘천","강원도 강릉시 용강동 58-1","photokorea","6","조각(강릉)·종교어·같은 시군(강릉)","","WN1UXa","강릉 임당동 성당","https://tong.visitkorea.or.kr/cms/resource_photo/11/2828211_image2_1.jpg","강원도 강릉시 임당동","한국관광공사 김지호","Type1","강릉 임당동 성당, 강원도 강릉시, 종교, 천주교, 가톨릭"
"","98e959e5-4ace-4752-87bd-2fd3276a474c","강릉 대도호부 관아","춘천","강원도 강릉시 용강동 58-1","photokorea","6","조각(강릉)·종교어·같은 시군(강릉)","","dQKMdH","강릉 임당동 성당","https://tong.visitkorea.or.kr/cms/resource_photo/25/2828225_image2_1.jpg","강원도 강릉시 임당동","한국관광공사 김지호","Type1","강릉 임당동 성당, 강원도 강릉시, 종교, 천주교, 가톨릭"
"","98e959e5-4ace-4752-87bd-2fd3276a474c","강릉 대도호부 관아","춘천","강원도 강릉시 용강동 58-1","photokorea","6","조각(강릉)·종교어·같은 시군(강릉)","","o0wI8V","강릉 임당동 성당","https://tong.visitkorea.or.kr/cms/resource_photo/12/2828212_image2_1.jpg","강원도 강릉시 임당동","한국관광공사 김지호","Type1","강릉 임당동 성당, 강원도 강릉시, 종교, 천주교, 가톨릭"
"","98e959e5-4ace-4752-87bd-2fd3276a474c","강릉 대도호부 관아","춘천","강원도 강릉시 용강동 58-1","photokorea","6","조각(강릉)·종교어·같은 시군(강릉)","","oDlbW8","강릉 임당동 성당","https://tong.visitkorea.or.kr/cms/resource_photo/22/2828222_image2_1.jpg","강원도 강릉시 임당동","한국관광공사 김지호","Type1","강릉 임당동 성당, 강원도 강릉시, 종교, 천주교, 가톨릭"
"","98e959e5-4ace-4752-87bd-2fd3276a474c","강릉 대도호부 관아","춘천","강원도 강릉시 용강동 58-1","photokorea","6","조각(강릉)·종교어·같은 시군(강릉)","","pAj47V","강릉 임당동 성당","https://tong.visitkorea.or.kr/cms/resource_photo/06/2828206_image2_1.jpg","강원도 강릉시 임당동","한국관광공사 김지호","Type1","강릉 임당동 성당, 강원도 강릉시, 종교, 천주교, 가톨릭"
"","98e959e5-4ace-4752-87bd-2fd3276a474c","강릉 대도호부 관아","춘천","강원도 강릉시 용강동 58-1","photokorea","6","조각(강릉)·종교어·같은 시군(강릉)","","qxbexW","강릉 임당동 성당","https://tong.visitkorea.or.kr/cms/resource_photo/24/2828224_image2_1.jpg","강원도 강릉시 임당동","한국관광공사 김지호","Type1","강릉 임당동 성당, 강원도 강릉시, 종교, 천주교, 가톨릭"
"","5a3dd1fc-5e82-4423-b580-6372e69b41cd","거두리 성당","춘천","강원특별자치도 춘천시 동내면 동내로 220","tourinfo","4","조각(거두리)·2km 안","1.81","2702318","거두리낚시터","https://tong.visitkorea.or.kr/cms/resource/10/3382310_image2_1.JPG","강원특별자치도 춘천시 동내면 거두길 282-8","TourAPI 관광정보(contentTypeId 28)","",""
"","cd046cd7-3a40-4b66-9148-8217fdf7f03b","거제 윤봉문 요셉 순교성지","마산","경남 거제시 일운면 지세포3길 69-22","tourinfo","4","조각(거제)·2km 안","1.20","1622179","거제어촌민속전시관","https://tong.visitkorea.or.kr/cms/resource/52/3514952_image2_1.jpg","경상남도 거제시 일운면 지세포해안로 41","TourAPI 관광정보(contentTypeId 14)","",""
"","cd046cd7-3a40-4b66-9148-8217fdf7f03b","거제 윤봉문 요셉 순교성지","마산","경남 거제시 일운면 지세포3길 69-22","tourinfo","4","조각(거제)·2km 안","1.41","2001650","거제씨월드","https://tong.visitkorea.or.kr/cms/resource/97/3520897_image2_1.jpg","경상남도 거제시 일운면 지세포해안로 15","TourAPI 관광정보(contentTypeId 14)","",""
"","cd046cd7-3a40-4b66-9148-8217fdf7f03b","거제 윤봉문 요셉 순교성지","마산","경남 거제시 일운면 지세포3길 69-22","tourinfo","4","조각(거제)·2km 안","1.15","2578536","도야거제가족호텔","https://tong.visitkorea.or.kr/cms/resource/25/4054825_image2_1.jpg","경상남도 거제시 일운면 거제대로 2244","TourAPI 관광정보(contentTypeId 32)","",""
"","cd046cd7-3a40-4b66-9148-8217fdf7f03b","거제 윤봉문 요셉 순교성지","마산","경남 거제시 일운면 지세포3길 69-22","tourinfo","4","조각(거제)·2km 안","1.61","2578995","호텔리베라 거제","https://tong.visitkorea.or.kr/cms/resource/01/4054901_image2_1.jpg","경상남도 거제시 일운면 거제대로 2190","TourAPI 관광정보(contentTypeId 32)","",""
"","cd046cd7-3a40-4b66-9148-8217fdf7f03b","거제 윤봉문 요셉 순교성지","마산","경남 거제시 일운면 지세포3길 69-22","tourinfo","4","조각(거제)·2km 안","1.79","2756599","거제구조라수변공원","https://tong.visitkorea.or.kr/cms/resource/66/3519466_image2_1.jpg","경상남도 거제시 일운면 구조라로 15-3","TourAPI 관광정보(contentTypeId 12)","",""
"","cd046cd7-3a40-4b66-9148-8217fdf7f03b","거제 윤봉문 요셉 순교성지","마산","경남 거제시 일운면 지세포3길 69-22","tourinfo","4","조각(거제)·2km 안","1.31","2783983","거제조선해양문화관","https://tong.visitkorea.or.kr/cms/resource/32/3510632_image2_1.jpg","경상남도 거제시 일운면 지세포해안로 41","TourAPI 관광정보(contentTypeId 14)","",""
"","cd046cd7-3a40-4b66-9148-8217fdf7f03b","거제 윤봉문 요셉 순교성지","마산","경남 거제시 일운면 지세포3길 69-22","tourinfo","4","조각(거제)·2km 안","1.13","2784038","거제해양레포츠센터","http://tong.visitkorea.or.kr/cms/resource/48/2787148_image2_1.jpg","경상남도 거제시 일운면 지세포해안로 43","TourAPI 관광정보(contentTypeId 28)","","A03010200"
"","cd046cd7-3a40-4b66-9148-8217fdf7f03b","거제 윤봉문 요셉 순교성지","마산","경남 거제시 일운면 지세포3길 69-22","tourinfo","4","조각(거제)·2km 안","1.30","2858010","거제멸치쌈밥","http://tong.visitkorea.or.kr/cms/resource/80/2857980_image2_1.jpg","경상남도 거제시 지세포해안로 12","TourAPI 관광정보(contentTypeId 39)","","A05020100"
"","cd046cd7-3a40-4b66-9148-8217fdf7f03b","거제 윤봉문 요셉 순교성지","마산","경남 거제시 일운면 지세포3길 69-22","tourinfo","4","조각(거제)·2km 안","1.49","2893615","조개캉스거제","http://tong.visitkorea.or.kr/cms/resource/53/2893353_image2_1.jpg","경상남도 거제시 지세포해안로 154","TourAPI 관광정보(contentTypeId 39)","","A05020100"
"","cd046cd7-3a40-4b66-9148-8217fdf7f03b","거제 윤봉문 요셉 순교성지","마산","경남 거제시 일운면 지세포3길 69-22","tourinfo","4","조각(거제)·2km 안","1.01","2893865","그해 거제","http://tong.visitkorea.or.kr/cms/resource/57/2893857_image2_1.jpg","경상남도 거제시 일운면 지세포로 136","TourAPI 관광정보(contentTypeId 39)","","A05020900"
"","27c44eb0-4bea-451d-ad62-994eba78d04b","경주 관아와 옥 터","대구","경상북도 경주시 동부동 일대 (옛 경주읍성 옥터)","tourinfo","6","조각(경주)·500m 안","0.20","2736691","영양숯불갈비 경주점","http://tong.visitkorea.or.kr/cms/resource/66/2736766_image2_1.jpg","경상북도 경주시 봉황로 79 (서부동)","TourAPI 관광정보(contentTypeId 39)","","A05020100"
"","27c44eb0-4bea-451d-ad62-994eba78d04b","경주 관아와 옥 터","대구","경상북도 경주시 동부동 일대 (옛 경주읍성 옥터)","tourinfo","6","조각(경주)·500m 안","0.25","2756611","경주읍성","http://tong.visitkorea.or.kr/cms/resource/23/3542523_image2_1.jpg","경상북도 경주시 동문로 31","TourAPI 관광정보(contentTypeId 12)","","A02010200"
"","27c44eb0-4bea-451d-ad62-994eba78d04b","경주 관아와 옥 터","대구","경상북도 경주시 동부동 일대 (옛 경주읍성 옥터)","tourinfo","6","조각(경주)·500m 안","0.44","2838756","경주다방","http://tong.visitkorea.or.kr/cms/resource/46/2838746_image2_1.jpg","경상북도 경주시 원효로 121-1 (황오동)","TourAPI 관광정보(contentTypeId 39)","","A05020900"
"","27c44eb0-4bea-451d-ad62-994eba78d04b","경주 관아와 옥 터","대구","경상북도 경주시 동부동 일대 (옛 경주읍성 옥터)","tourinfo","6","조각(경주)·500m 안","0.41","2926913","아트박스 경주점","https://tong.visitkorea.or.kr/cms/resource/35/4019035_image2_1.jpg","경상북도 경주시 계림로 89 (노동동)","TourAPI 관광정보(contentTypeId 38)","",""
"","27c44eb0-4bea-451d-ad62-994eba78d04b","경주 관아와 옥 터","대구","경상북도 경주시 동부동 일대 (옛 경주읍성 옥터)","tourinfo","6","조각(경주)·500m 안","0.27","2927121","세컨페이스 경주중앙점","https://tong.visitkorea.or.kr/cms/resource/36/4019036_image2_1.jpg","경상북도 경주시 계림로 101 (노동동)","TourAPI 관광정보(contentTypeId 38)","",""
"","27c44eb0-4bea-451d-ad62-994eba78d04b","경주 관아와 옥 터","대구","경상북도 경주시 동부동 일대 (옛 경주읍성 옥터)","tourinfo","6","조각(경주)·500m 안","0.49","2992067","경주 금리단길","http://tong.visitkorea.or.kr/cms/resource/64/2992064_image2_1.jpg","경상북도 경주시 원효로 127","TourAPI 관광정보(contentTypeId 12)","","A02030600"
"","27c44eb0-4bea-451d-ad62-994eba78d04b","경주 관아와 옥 터","대구","경상북도 경주시 동부동 일대 (옛 경주읍성 옥터)","tourinfo","6","조각(경주)·500m 안","0.44","3062300","2026 경주 황금카니발","https://tong.visitkorea.or.kr/cms/resource/99/4104299_image2_1.jpg","경상북도 경주시 원효로 112 (노동동)","TourAPI 관광정보(contentTypeId 15)","",""
"","27c44eb0-4bea-451d-ad62-994eba78d04b","경주 관아와 옥 터","대구","경상북도 경주시 동부동 일대 (옛 경주읍성 옥터)","tourinfo","6","조각(경주)·500m 안","0.19","3555814","코오롱스포츠 경주중앙로점","https://tong.visitkorea.or.kr/cms/resource/67/4021267_image2_1.jpeg","경상북도 경주시 화랑로 114 (동부동)","TourAPI 관광정보(contentTypeId 38)","",""
"","27c44eb0-4bea-451d-ad62-994eba78d04b","경주 관아와 옥 터","대구","경상북도 경주시 동부동 일대 (옛 경주읍성 옥터)","tourinfo","6","조각(경주)·500m 안","0.44","3555818","이니스프리 경주점","https://tong.visitkorea.or.kr/cms/resource/69/4021269_image2_1.jpeg","경상북도 경주시 원효로 108 (노동동)","TourAPI 관광정보(contentTypeId 38)","",""
"","27c44eb0-4bea-451d-ad62-994eba78d04b","경주 관아와 옥 터","대구","경상북도 경주시 동부동 일대 (옛 경주읍성 옥터)","tourinfo","6","조각(경주)·500m 안","0.45","3555821","폴더 경주점","https://tong.visitkorea.or.kr/cms/resource/80/4022780_image2_1.jpg","경상북도 경주시 원효로 112-1 (노동동)","TourAPI 관광정보(contentTypeId 38)","",""
"","27c44eb0-4bea-451d-ad62-994eba78d04b","경주 관아와 옥 터","대구","경상북도 경주시 동부동 일대 (옛 경주읍성 옥터)","photokorea","6","조각(경주)·종교어·같은 시군(경주)","","0BgKcZ","첨성대","https://tong.visitkorea.or.kr/cms/resource_photo/84/3501984_image2_1.jpg","경상북도 경주시 황남동","홍정표","Type1","첨성대, 경상북도 경주시, 유네스코 세계문화유산, 유네스코 세계유산, 국가유산, 문화유산, 국보 제31호, 경주역사유적지구, 월성지구, 천문관측기구, 봄, 유채꽃밭, 4월 추천여행지, 사진기자단, 프레임코리아3기"
"","27c44eb0-4bea-451d-ad62-994eba78d04b","경주 관아와 옥 터","대구","경상북도 경주시 동부동 일대 (옛 경주읍성 옥터)","photokorea","6","조각(경주)·종교어·같은 시군(경주)","","0xWOLs","경주 월성(반월성)","https://tong.visitkorea.or.kr/cms/resource_photo/91/2989191_image2_1.jpg","경상북도 경주시 인왕동","한국관광공사 김지호","Type1","경주 월성, 경상북도 경주시, 반월성, 사적 제16호, 경주역사유적지구, 월성지구, 유네스코 세계문화유산, 유네스코 세계유산, 월성 해자, 산책로, 산책길, 걷기여행, 파노라마"
"","27c44eb0-4bea-451d-ad62-994eba78d04b","경주 관아와 옥 터","대구","경상북도 경주시 동부동 일대 (옛 경주읍성 옥터)","photokorea","6","조각(경주)·종교어·같은 시군(경주)","","25COsY","첨성대","https://tong.visitkorea.or.kr/cms/resource_photo/19/2989219_image2_1.jpg","경상북도 경주시 인왕동","한국관광공사 김지호","Type1","첨성대, 경상북도 경주시, 국보 제31호, 경주역사유적지구, 월성지구, 유네스코 세계문화유산, 유네스코 세계유산, 천문관측기구, 드론촬영, 드론사진, 항공촬영"
"","27c44eb0-4bea-451d-ad62-994eba78d04b","경주 관아와 옥 터","대구","경상북도 경주시 동부동 일대 (옛 경주읍성 옥터)","photokorea","6","조각(경주)·종교어·같은 시군(경주)","","2m017J","첨성대","https://tong.visitkorea.or.kr/cms/resource_photo/48/3057548_image2_1.jpg","경상북도 경주시 황남동","한국관광공사 송재근","Type1","첨성대, 경상북도 경주시, 국보 제31호, 경주역사유적지구, 월성지구, 유네스코 세계문화유산, 유네스코 세계유산, 천문관측기구, 해바라기, 노을"
"","27c44eb0-4bea-451d-ad62-994eba78d04b","경주 관아와 옥 터","대구","경상북도 경주시 동부동 일대 (옛 경주읍성 옥터)","photokorea","6","조각(경주)·종교어·같은 시군(경주)","","2oOPUV","첨성대","https://tong.visitkorea.or.kr/cms/resource_photo/86/3052886_image2_1.jpg","경상북도 경주시 황남동","황성훈","Type1","첨성대, 경상북도 경주시, 국보 제31호, 경주역사유적지구, 월성지구, 유네스코 세계문화유산, 유네스코 세계유산, 천문관측기구, 야경, 10월 버킷, 10월 추천여행지, 사진기자단, 프레임코리아1기"
"","27c44eb0-4bea-451d-ad62-994eba78d04b","경주 관아와 옥 터","대구","경상북도 경주시 동부동 일대 (옛 경주읍성 옥터)","photokorea","6","조각(경주)·종교어·같은 시군(경주)","","46B06c","인왕동 고분군","https://tong.visitkorea.or.kr/cms/resource_photo/55/3502055_image2_1.jpg","경상북도 경주시 황남동","이효직","Type1","인왕동 고분군, 경상북도 경주시, 국가유산, 문화유산, 사적 제42호, 묘, 무덤, 능, 경주역사유적지구, 월성지구, 4월 추천여행지, 사진기자단, 프레임코리아3기"
"","27c44eb0-4bea-451d-ad62-994eba78d04b","경주 관아와 옥 터","대구","경상북도 경주시 동부동 일대 (옛 경주읍성 옥터)","photokorea","6","조각(경주)·종교어·같은 시군(경주)","","4DPxbE","동궁과 월지(안압지)","https://tong.visitkorea.or.kr/cms/resource_photo/63/3020463_image2_1.jpg","경상북도 경주시 인왕동","김민수","Type1","동궁과 월지, 경상북도 경주시, 사적 제18호, 경주역사유적지구, 유네스코 세계문화유산, 유네스코 세계유산, 월성지구, 임해전지, 안압지, 연못, 야경, 8월 버킷, 8월 추천여행지, 사진기자단, 프레임코리아1기"
"","27c44eb0-4bea-451d-ad62-994eba78d04b","경주 관아와 옥 터","대구","경상북도 경주시 동부동 일대 (옛 경주읍성 옥터)","photokorea","6","조각(경주)·종교어·같은 시군(경주)","","4nljml","첨성대","https://tong.visitkorea.or.kr/cms/resource_photo/19/3057519_image2_1.jpg","경상북도 경주시 황남동","한국관광공사 송재근","Type1","첨성대, 경상북도 경주시, 국보 제31호, 경주역사유적지구, 월성지구, 유네스코 세계문화유산, 유네스코 세계유산, 천문관측기구, 핑크뮬리, 노을"
"","27c44eb0-4bea-451d-ad62-994eba78d04b","경주 관아와 옥 터","대구","경상북도 경주시 동부동 일대 (옛 경주읍성 옥터)","photokorea","6","조각(경주)·종교어·같은 시군(경주)","","4vtwxu","첨성대","https://tong.visitkorea.or.kr/cms/resource_photo/04/2989204_image2_1.jpg","경상북도 경주시 인왕동","한국관광공사 김지호","Type1","첨성대, 경상북도 경주시, 국보 제31호, 경주역사유적지구, 월성지구, 유네스코 세계문화유산, 유네스코 세계유산, 천문관측기구"
"","27c44eb0-4bea-451d-ad62-994eba78d04b","경주 관아와 옥 터","대구","경상북도 경주시 동부동 일대 (옛 경주읍성 옥터)","photokorea","6","조각(경주)·종교어·같은 시군(경주)","","5ArT7F","첨성대","https://tong.visitkorea.or.kr/cms/resource_photo/89/3501989_image2_1.jpg","경상북도 경주시 황남동","장재윤","Type1","첨성대, 경상북도 경주시, 유네스코 세계문화유산, 유네스코 세계유산, 국가유산, 문화유산, 국보 제31호, 경주역사유적지구, 월성지구, 천문관측기구, 봄, 유채꽃밭, 4월 추천여행지, 사진기자단, 프레임코리아3기"
"","8c53e03c-1045-4a42-a1f7-8ad29a2f15c1","구산 성지","수원","경기도 하남시 망월동 387-10","tourinfo","9","제목=이름·종교어·2km 안","0.54","126805","구산성지","https://tong.visitkorea.or.kr/cms/resource/73/3033573_image2_1.JPG","경기도 하남시 미사강변북로 99 (망월동)","TourAPI 관광정보(contentTypeId 12)","",""
"","0d108f88-ba9a-456b-be67-41eb28b99d7e","기장 성지","부산","부산광역시 기장군","tourinfo","6","조각(기장)·500m 안","0.46","2912558","올리브영 부산기장점","https://tong.visitkorea.or.kr/cms/resource/67/4028267_image2_1.jpeg","부산광역시 기장군 기장읍 읍내로 111","TourAPI 관광정보(contentTypeId 38)","",""
"","0d108f88-ba9a-456b-be67-41eb28b99d7e","기장 성지","부산","부산광역시 기장군","tourinfo","6","조각(기장)·500m 안","0.50","4008039","네이처컬렉션 부산기장점","https://tong.visitkorea.or.kr/cms/resource/38/4021438_image2_1.jpg","부산광역시 기장군 기장읍 읍내로 108","TourAPI 관광정보(contentTypeId 38)","",""
"","0d108f88-ba9a-456b-be67-41eb28b99d7e","기장 성지","부산","부산광역시 기장군","photokorea","6","조각(기장)·종교어·같은 시군(기장)","","HdKfeq","죽성성당 (2020)","https://tong.visitkorea.or.kr/cms/resource_photo/65/2928565_image2_1.jpg","부산광역시 기장군 기장읍 죽성리 134-7","부산관광공사","Type1","죽성성당 (2020), 부산광역시 기장군, 부산관광공사"
"","0d108f88-ba9a-456b-be67-41eb28b99d7e","기장 성지","부산","부산광역시 기장군","photokorea","6","조각(기장)·종교어·같은 시군(기장)","","MVcD2n","죽성성당","https://tong.visitkorea.or.kr/cms/resource_photo/56/2988756_image2_1.jpg","부산광역시 기장군 기장읍","한국관광공사 송재근","Type1","죽성성당, 부산광역시 기장군, 죽성드림세트장, 드라마 세트장, 바다"
"","0d108f88-ba9a-456b-be67-41eb28b99d7e","기장 성지","부산","부산광역시 기장군","photokorea","6","조각(기장)·종교어·같은 시군(기장)","","U8C1kS","죽성성당 (2019)","https://tong.visitkorea.or.kr/cms/resource_photo/21/2928421_image2_1.jpg","부산광역시 기장군 기장읍 죽성리 134-7","부산관광공사","Type1","죽성성당 (2019), 부산광역시 기장군, 부산관광공사"
"","0d108f88-ba9a-456b-be67-41eb28b99d7e","기장 성지","부산","부산광역시 기장군","photokorea","6","조각(기장)·종교어·같은 시군(기장)","","VXAN9n","죽성성당","https://tong.visitkorea.or.kr/cms/resource_photo/46/2988746_image2_1.jpg","부산광역시 기장군 기장읍","한국관광공사 송재근","Type1","죽성성당, 부산광역시 기장군, 죽성드림세트장, 드라마 세트장, 바다"
"","0d108f88-ba9a-456b-be67-41eb28b99d7e","기장 성지","부산","부산광역시 기장군","photokorea","6","조각(기장)·종교어·같은 시군(기장)","","aCyGBj","죽성성당","https://tong.visitkorea.or.kr/cms/resource_photo/44/2988744_image2_1.jpg","부산광역시 기장군 기장읍","한국관광공사 송재근","Type1","죽성성당, 부산광역시 기장군, 죽성드림세트장, 드라마 세트장"
"","0d108f88-ba9a-456b-be67-41eb28b99d7e","기장 성지","부산","부산광역시 기장군","photokorea","6","조각(기장)·종교어·같은 시군(기장)","","aPajzE","죽성성당","https://tong.visitkorea.or.kr/cms/resource_photo/54/2988754_image2_1.jpg","부산광역시 기장군 기장읍","한국관광공사 송재근","Type1","죽성성당, 부산광역시 기장군, 죽성드림세트장, 드라마 세트장, 바다"
"","0d108f88-ba9a-456b-be67-41eb28b99d7e","기장 성지","부산","부산광역시 기장군","photokorea","6","조각(기장)·종교어·같은 시군(기장)","","eKwUYp","죽성성당","https://tong.visitkorea.or.kr/cms/resource_photo/43/2988743_image2_1.jpg","부산광역시 기장군 기장읍","한국관광공사 송재근","Type1","죽성성당, 부산광역시 기장군, 죽성드림세트장, 드라마 세트장, 바다"
"","0d108f88-ba9a-456b-be67-41eb28b99d7e","기장 성지","부산","부산광역시 기장군","photokorea","6","조각(기장)·종교어·같은 시군(기장)","","fYN0Xd","죽성성당 (2020)","https://tong.visitkorea.or.kr/cms/resource_photo/63/2928563_image2_1.jpg","부산광역시 기장군 기장읍 죽성리 134-7","부산관광공사","Type1","죽성성당 (2020), 부산광역시 기장군, 부산관광공사"
"","0d108f88-ba9a-456b-be67-41eb28b99d7e","기장 성지","부산","부산광역시 기장군","photokorea","6","조각(기장)·종교어·같은 시군(기장)","","gHTNjo","죽성성당","https://tong.visitkorea.or.kr/cms/resource_photo/55/2988755_image2_1.jpg","부산광역시 기장군 기장읍","한국관광공사 송재근","Type1","죽성성당, 부산광역시 기장군, 죽성드림세트장, 드라마 세트장, 바다"
"","0d108f88-ba9a-456b-be67-41eb28b99d7e","기장 성지","부산","부산광역시 기장군","photokorea","6","조각(기장)·종교어·같은 시군(기장)","","gvwn6g","죽성성당","https://tong.visitkorea.or.kr/cms/resource_photo/42/2988742_image2_1.jpg","부산광역시 기장군 기장읍","한국관광공사 송재근","Type1","죽성성당, 부산광역시 기장군, 죽성드림세트장, 드라마 세트장, 바다"
"","0d108f88-ba9a-456b-be67-41eb28b99d7e","기장 성지","부산","부산광역시 기장군","tourinfo","4","조각(기장)·2km 안","0.55","1117790","부산 기장시장","https://tong.visitkorea.or.kr/cms/resource/17/3492017_image2_1.jpg","부산 기장군 기장읍 대라리 72-3","TourAPI 관광정보(contentTypeId 38)","",""
"","0d108f88-ba9a-456b-be67-41eb28b99d7e","기장 성지","부산","부산광역시 기장군","tourinfo","4","조각(기장)·2km 안","1.05","130380","기장문화원","http://tong.visitkorea.or.kr/cms/resource/82/3476682_image2_1.jpg","부산광역시 기장군 기장읍 청강로74번길 35-6","TourAPI 관광정보(contentTypeId 14)","","A02060700"
"","0d108f88-ba9a-456b-be67-41eb28b99d7e","기장 성지","부산","부산광역시 기장군","tourinfo","4","조각(기장)·2km 안","0.67","130799","부산광역시 기장도서관","http://tong.visitkorea.or.kr/cms/resource/87/3476687_image2_1.jpg","부산광역시 기장군 기장읍 차성동로126번길 13-5","TourAPI 관광정보(contentTypeId 14)","","A02060900"
"","0d108f88-ba9a-456b-be67-41eb28b99d7e","기장 성지","부산","부산광역시 기장군","tourinfo","4","조각(기장)·2km 안","1.54","1953936","기장향교","http://tong.visitkorea.or.kr/cms/resource/38/3534938_image2_1.png","부산광역시 기장군 기장읍 차성로417번길 35","TourAPI 관광정보(contentTypeId 12)","","A02010700"
"","0d108f88-ba9a-456b-be67-41eb28b99d7e","기장 성지","부산","부산광역시 기장군","tourinfo","4","조각(기장)·2km 안","1.10","2911879","전자랜드 랜드500 기장메가마트점","https://tong.visitkorea.or.kr/cms/resource/35/4041935_image2_1.jpg","부산광역시 기장군 일광읍 기장대로 673","TourAPI 관광정보(contentTypeId 38)","",""
"","0d108f88-ba9a-456b-be67-41eb28b99d7e","기장 성지","부산","부산광역시 기장군","tourinfo","4","조각(기장)·2km 안","0.66","2916586","롯데하이마트 기장점","https://tong.visitkorea.or.kr/cms/resource/21/4020221_image2_1.jpg","부산광역시 기장군 기장읍 읍내로 91","TourAPI 관광정보(contentTypeId 38)","",""
"","0d108f88-ba9a-456b-be67-41eb28b99d7e","기장 성지","부산","부산광역시 기장군","tourinfo","4","조각(기장)·2km 안","1.10","2917210","메가마트 기장점","https://tong.visitkorea.or.kr/cms/resource/32/4019132_image2_1.jpg","부산광역시 기장군 일광읍 기장대로 673","TourAPI 관광정보(contentTypeId 38)","",""
"","0d108f88-ba9a-456b-be67-41eb28b99d7e","기장 성지","부산","부산광역시 기장군","tourinfo","4","조각(기장)·2km 안","0.70","4027034","전자랜드 랜드500 기장점","https://tong.visitkorea.or.kr/cms/resource/44/4044544_image2_1.png","부산광역시 기장군 기장읍 차성로 314","TourAPI 관광정보(contentTypeId 38)","",""
"","3a79079e-5a81-420a-87a7-915abba1ba38","김수환 추기경 사랑과 나눔 공원","대구","대구광역시 군위군 군위읍 용대리 238-10","tourinfo","7","제목=이름·종교어","2.92","2757084","김수환 추기경 사랑과 나눔공원","http://tong.visitkorea.or.kr/cms/resource/92/3571492_image2_1.JPG","대구광역시 군위군 군위읍 군위금성로 270","TourAPI 관광정보(contentTypeId 12)","","A02010900"
"","dfade181-063e-4fa9-9b24-9cc1c1e9cadd","김제 순교 성지","전주","전라북도 김제시 요촌동 (요촌성당 내)","tourinfo","6","조각(김제)·500m 안","0.45","132331","김제전통시장","http://tong.visitkorea.or.kr/cms/resource/35/3559435_image2_1.jpg","전북특별자치도 김제시 요촌동","TourAPI 관광정보(contentTypeId 38)","","A04010100"
"","dfade181-063e-4fa9-9b24-9cc1c1e9cadd","김제 순교 성지","전주","전라북도 김제시 요촌동 (요촌성당 내)","tourinfo","4","조각(김제)·2km 안","0.65","129978","김제문화원","http://tong.visitkorea.or.kr/cms/resource/64/3363564_image2_1.JPG","전북특별자치도 김제시 서암5길 5 (서암동)","TourAPI 관광정보(contentTypeId 14)","","A02060700"
"","dfade181-063e-4fa9-9b24-9cc1c1e9cadd","김제 순교 성지","전주","전라북도 김제시 요촌동 (요촌성당 내)","tourinfo","4","조각(김제)·2km 안","0.90","1598192","김제향교","https://tong.visitkorea.or.kr/cms/resource/49/4090749_image2_1.jpg","전북특별자치도 김제시 향교길 89-3","TourAPI 관광정보(contentTypeId 12)","",""
"","dfade181-063e-4fa9-9b24-9cc1c1e9cadd","김제 순교 성지","전주","전라북도 김제시 요촌동 (요촌성당 내)","tourinfo","4","조각(김제)·2km 안","0.67","1599176","김제동헌","https://tong.visitkorea.or.kr/cms/resource/52/4097252_image2_1.jpg","전북특별자치도 김제시 동헌4길 46-1 (교동)","TourAPI 관광정보(contentTypeId 12)","",""
"","dfade181-063e-4fa9-9b24-9cc1c1e9cadd","김제 순교 성지","전주","전라북도 김제시 요촌동 (요촌성당 내)","tourinfo","4","조각(김제)·2km 안","1.47","2953096","김제 꽃빛드리 축제","https://tong.visitkorea.or.kr/cms/resource/69/4041269_image2_1.jpg","전북특별자치도 김제시 도작로 220 (검산동)","TourAPI 관광정보(contentTypeId 15)","",""
"","206a50d2-1b8b-41a7-bbba-6d41f3acd553","김천 황금성당","대구","경상북도 김천시 황금동","tourinfo","6","조각(김천)·500m 안","0.48","4096609","김천시립미술관","https://tong.visitkorea.or.kr/cms/resource/23/4096123_image2_1.jpg","경상북도 김천시 남산공원길 90-14 (황금동)","TourAPI 관광정보(contentTypeId 14)","",""
"","206a50d2-1b8b-41a7-bbba-6d41f3acd553","김천 황금성당","대구","경상북도 김천시 황금동","tourinfo","4","조각(김천)·2km 안","0.71","130031","김천문화원","https://tong.visitkorea.or.kr/cms/resource/37/3513337_image2_1.jpg","경상북도 김천시 김천로 200","TourAPI 관광정보(contentTypeId 14)","",""
"","206a50d2-1b8b-41a7-bbba-6d41f3acd553","김천 황금성당","대구","경상북도 김천시 황금동","tourinfo","4","조각(김천)·2km 안","1.41","1764582","김천 평화시장","https://tong.visitkorea.or.kr/cms/resource/46/3512946_image2_1.jpg","경상북도 김천시 김천로 100 (평화동)","TourAPI 관광정보(contentTypeId 38)","",""
"","206a50d2-1b8b-41a7-bbba-6d41f3acd553","김천 황금성당","대구","경상북도 김천시 황금동","tourinfo","4","조각(황금)·2km 안","0.63","2762721","황금시장(김천)","https://tong.visitkorea.or.kr/cms/resource/08/4096108_image2_1.jpg","경상북도 김천시 황금시장4길 20","TourAPI 관광정보(contentTypeId 38)","",""
"","b1073093-aeff-4e91-b642-0f8ab69207ad","나주 순교자 기념성당","광주","전남 나주시 (나주성당)","tourinfo","8","조각(나주)·종교어·500m 안","0.11","1935351","나주 순교성지","http://tong.visitkorea.or.kr/cms/resource/57/3562457_image2_1.jpg","전남광주통합특별시 나주시 박정길 3 (산정동)","TourAPI 관광정보(contentTypeId 12)","","A02010900"
"","b1073093-aeff-4e91-b642-0f8ab69207ad","나주 순교자 기념성당","광주","전남 나주시 (나주성당)","tourinfo","6","조각(나주)·500m 안","0.44","126412","나주 금성관","http://tong.visitkorea.or.kr/cms/resource/03/3533503_image2_1.jpg","전남광주통합특별시 나주시 금성관길 8","TourAPI 관광정보(contentTypeId 12)","","A02010100"
"","b1073093-aeff-4e91-b642-0f8ab69207ad","나주 순교자 기념성당","광주","전남 나주시 (나주성당)","tourinfo","6","조각(나주)·500m 안","0.31","2914907","롯데하이마트 나주점","https://tong.visitkorea.or.kr/cms/resource/24/4020324_image2_1.jpg","전남광주통합특별시 나주시 대호길 11 (성북동)","TourAPI 관광정보(contentTypeId 38)","",""
"","b1073093-aeff-4e91-b642-0f8ab69207ad","나주 순교자 기념성당","광주","전남 나주시 (나주성당)","tourinfo","4","조각(나주)·2km 안","0.51","127090","나주향교","https://tong.visitkorea.or.kr/cms/resource/76/4071476_image2_1.jpg","전남광주통합특별시 나주시 향교길 38","TourAPI 관광정보(contentTypeId 12)","",""
"","b1073093-aeff-4e91-b642-0f8ab69207ad","나주 순교자 기념성당","광주","전남 나주시 (나주성당)","tourinfo","4","조각(나주)·2km 안","0.58","128145","나주 목사내아","https://tong.visitkorea.or.kr/cms/resource/58/4071458_image2_1.jpg","전남광주통합특별시 나주시 금성관길 13-8 (금계동)","TourAPI 관광정보(contentTypeId 12)","",""
"","b1073093-aeff-4e91-b642-0f8ab69207ad","나주 순교자 기념성당","광주","전남 나주시 (나주성당)","tourinfo","4","조각(나주)·2km 안","0.82","1976875","나주목사고을시장","https://tong.visitkorea.or.kr/cms/resource/84/3548284_image2_1.jpg","전남광주통합특별시 나주시 청동길 14 (삼도동)","TourAPI 관광정보(contentTypeId 38)","",""
"","b1073093-aeff-4e91-b642-0f8ab69207ad","나주 순교자 기념성당","광주","전남 나주시 (나주성당)","tourinfo","4","조각(나주)·2km 안","0.57","2795293","나주곰탕 하얀집","https://tong.visitkorea.or.kr/cms/resource/01/4057901_image2_1.jpg","전남광주통합특별시 나주시 금성관길 6-1 (중앙동)","TourAPI 관광정보(contentTypeId 39)","",""
"","b1073093-aeff-4e91-b642-0f8ab69207ad","나주 순교자 기념성당","광주","전남 나주시 (나주성당)","tourinfo","4","조각(나주)·2km 안","1.50","2995966","국립나주숲체원","https://tong.visitkorea.or.kr/cms/resource/38/3106038_image2_1.jpg","전남광주통합특별시 나주시 금성산길 116 (경현동)","TourAPI 관광정보(contentTypeId 12)","",""
"","b1073093-aeff-4e91-b642-0f8ab69207ad","나주 순교자 기념성당","광주","전남 나주시 (나주성당)","tourinfo","4","조각(나주)·2km 안","1.49","3006552","구 나주역","https://tong.visitkorea.or.kr/cms/resource/50/4071450_image2_1.jpg","전남광주통합특별시 나주시 죽림길 20 (구)나주역 ","TourAPI 관광정보(contentTypeId 12)","",""
"","b1073093-aeff-4e91-b642-0f8ab69207ad","나주 순교자 기념성당","광주","전남 나주시 (나주성당)","tourinfo","4","조각(나주)·2km 안","0.55","3016781","천년나주목읍성문화축제","https://tong.visitkorea.or.kr/cms/resource/43/4062843_image2_1.jpg","전남광주통합특별시 나주시 금성관길 8 (과원동)","TourAPI 관광정보(contentTypeId 15)","",""
"","b066e847-4e51-409e-b2d2-95e4ee8ca6ed","남양 성모 성지","수원","경기도 화성시 남양리 1704","tourinfo","11","제목=이름·종교어·500m 안","0.42","126709","남양성모성지","https://tong.visitkorea.or.kr/cms/resource/04/4066504_image2_1.jpg","경기도 화성시 남양읍 남양성지로 112","TourAPI 관광정보(contentTypeId 12)","",""
"","b066e847-4e51-409e-b2d2-95e4ee8ca6ed","남양 성모 성지","수원","경기도 화성시 남양리 1704","photokorea","9","제목=이름·종교어·같은 시군(화성)","","2xSbS5","남양성모성지","https://tong.visitkorea.or.kr/cms/resource_photo/26/3098326_image2_1.jpg","경기도 화성시 남양읍","이형찬","Type1","남양성모성지, 경기도 화성시, 종교, 천주교, 가톨릭, 11월 버킷, 11월 추천여행지, 사진기자단, 프레임코리아1기"
"","b066e847-4e51-409e-b2d2-95e4ee8ca6ed","남양 성모 성지","수원","경기도 화성시 남양리 1704","photokorea","9","제목=이름·종교어·같은 시군(화성)","","3TgzCV","남양성모성지","https://tong.visitkorea.or.kr/cms/resource_photo/23/3098323_image2_1.jpg","경기도 화성시 남양읍","이형찬","Type1","남양성모성지, 경기도 화성시, 종교, 천주교, 가톨릭, 촛불, 초, 11월 버킷, 11월 추천여행지, 사진기자단, 프레임코리아1기"
"","b066e847-4e51-409e-b2d2-95e4ee8ca6ed","남양 성모 성지","수원","경기도 화성시 남양리 1704","photokorea","9","제목=이름·종교어·같은 시군(화성)","","6jXEnH","남양성모성지","https://tong.visitkorea.or.kr/cms/resource_photo/24/3098324_image2_1.jpg","경기도 화성시 남양읍","이형찬","Type1","남양성모성지, 경기도 화성시, 종교, 천주교, 가톨릭, 11월 버킷, 11월 추천여행지, 사진기자단, 프레임코리아1기"
"","b066e847-4e51-409e-b2d2-95e4ee8ca6ed","남양 성모 성지","수원","경기도 화성시 남양리 1704","photokorea","9","제목=이름·종교어·같은 시군(화성)","","80WEkY","남양성모성지","https://tong.visitkorea.or.kr/cms/resource_photo/27/3098327_image2_1.jpg","경기도 화성시 남양읍","이형찬","Type1","남양성모성지, 경기도 화성시, 종교, 천주교, 가톨릭, 11월 버킷, 11월 추천여행지, 사진기자단, 프레임코리아1기"
"","b066e847-4e51-409e-b2d2-95e4ee8ca6ed","남양 성모 성지","수원","경기도 화성시 남양리 1704","photokorea","9","제목=이름·종교어·같은 시군(화성)","","e6fF6a","남양성모성지","https://tong.visitkorea.or.kr/cms/resource_photo/25/3098325_image2_1.jpg","경기도 화성시 남양읍","이형찬","Type1","남양성모성지, 경기도 화성시, 종교, 천주교, 가톨릭, 11월 버킷, 11월 추천여행지, 사진기자단, 프레임코리아1기"
"","b066e847-4e51-409e-b2d2-95e4ee8ca6ed","남양 성모 성지","수원","경기도 화성시 남양리 1704","tourinfo","6","조각(남양)·500m 안","0.39","4008237","올리브영 화성남양점","https://tong.visitkorea.or.kr/cms/resource/93/4027893_image2_1.jpg","경기도 화성시 남양읍 시청로 6","TourAPI 관광정보(contentTypeId 38)","",""
"","b066e847-4e51-409e-b2d2-95e4ee8ca6ed","남양 성모 성지","수원","경기도 화성시 남양리 1704","tourinfo","4","조각(남양)·2km 안","0.57","2733829","남양시장","https://tong.visitkorea.or.kr/cms/resource/76/4088976_image2_1.jpg","경기도 화성시 남양읍 남양리 1165-36","TourAPI 관광정보(contentTypeId 38)","",""
"","b066e847-4e51-409e-b2d2-95e4ee8ca6ed","남양 성모 성지","수원","경기도 화성시 남양리 1704","tourinfo","4","조각(남양)·2km 안","0.64","3017605","남양체육공원","https://tong.visitkorea.or.kr/cms/resource/02/3004302_image2_1.jpg","경기도 화성시 남양읍 시청로45번길 95","TourAPI 관광정보(contentTypeId 12)","",""
"","b066e847-4e51-409e-b2d2-95e4ee8ca6ed","남양 성모 성지","수원","경기도 화성시 남양리 1704","tourinfo","4","조각(남양)·2km 안","0.91","4012471","롯데하이마트 남양점","https://tong.visitkorea.or.kr/cms/resource/71/4043671_image2_1.JPG","경기도 화성시 만세구 남양읍 남양성지로 69","TourAPI 관광정보(contentTypeId 38)","",""
"","b066e847-4e51-409e-b2d2-95e4ee8ca6ed","남양 성모 성지","수원","경기도 화성시 남양리 1704","tourinfo","4","조각(남양)·2km 안","1.93","736678","남양향교","https://tong.visitkorea.or.kr/cms/resource/83/3393183_image2_1.JPG","경기도 화성시 남양읍 글판동길15번길 18-3","TourAPI 관광정보(contentTypeId 12)","",""
"","c18f5a67-d517-4bfe-9dbf-a6b6f39f6d62","노고산 성지","서울","서울시 마포구 신수동 1 (서강대학교 가브리엘관 앞)","tourinfo","4","조각(노고산)·2km 안","1.02","3305860","GS25 노고산본점","https://tong.visitkorea.or.kr/cms/resource/34/4018434_image2_1.jpg","서울특별시 마포구 신촌로16길 8 (노고산동)","TourAPI 관광정보(contentTypeId 38)","",""
"","17d46128-2bec-4f7f-a2c9-47806092e6be","다락골 성지","대전","충청남도 청양군 화성면 농암리 676-1","tourinfo","4","조각(다락골)·종교어","2.04","127312","청양 다락골 줄무덤 성지","http://tong.visitkorea.or.kr/cms/resource/44/3027844_image2_1.jpg","충청남도 청양군 화성면 다락골길 78-6","TourAPI 관광정보(contentTypeId 12)","","A02010900"
"","dc218e5a-3218-4364-bc6d-4c5737122d53","단내 성가정 성지","수원","경기도 이천시 호법면 단천리 357","tourinfo","7","제목=이름·종교어","2.12","2763759","단내 성가정 성지","http://tong.visitkorea.or.kr/cms/resource/01/3541501_image2_1.jpg","경기도 이천시 호법면 이섭대천로155번길 38-13","TourAPI 관광정보(contentTypeId 12)","","A02010900"
"","6c252828-b347-4a95-babf-d1b58520d465","단양 김범우 순교 성지","원주","충청북도 단양군 단성면 상방리·하방리 일대","tourinfo","6","조각(단양)·500m 안","0.08","1954357","단양향교","http://tong.visitkorea.or.kr/cms/resource/25/3558525_image2_1.JPG","충청북도 단양군 단성면 충혼로 26","TourAPI 관광정보(contentTypeId 12)","","A02010700"
"","6c252828-b347-4a95-babf-d1b58520d465","단양 김범우 순교 성지","원주","충청북도 단양군 단성면 상방리·하방리 일대","tourinfo","6","조각(단양)·500m 안","0.03","2787086","단양 단성벽화마을","https://tong.visitkorea.or.kr/cms/resource/57/3581957_image2_1.jpg","충청북도 단양군 단성면 충혼로 16","TourAPI 관광정보(contentTypeId 12)","",""
"","6c252828-b347-4a95-babf-d1b58520d465","단양 김범우 순교 성지","원주","충청북도 단양군 단성면 상방리·하방리 일대","photokorea","6","조각(단양)·종교어·같은 시군(단양)","","ch7zp7","단양 구인사","https://tong.visitkorea.or.kr/cms/resource_photo/79/3048279_image2_1.jpg","충청북도 단양군 영춘면","심현우","Type1","단양 구인사, 충청북도 단양군, 절, 사찰, 불교, 종교, 관성당, 10월 추천여행지, 사진기자단, 프레임코리아1기"
"","6c252828-b347-4a95-babf-d1b58520d465","단양 김범우 순교 성지","원주","충청북도 단양군 단성면 상방리·하방리 일대","tourinfo","4","조각(단양)·2km 안","0.92","125922","단양 적성","http://tong.visitkorea.or.kr/cms/resource/07/3064007_image2_1.JPG","충청북도 단양군 단성면 하방리 산3-1","TourAPI 관광정보(contentTypeId 12)","","A02010200"
"","6c252828-b347-4a95-babf-d1b58520d465","단양 김범우 순교 성지","원주","충청북도 단양군 단성면 상방리·하방리 일대","tourinfo","4","조각(단양)·2km 안","0.86","125979","단양 신라 적성비","http://tong.visitkorea.or.kr/cms/resource/15/3561815_image2_1.JPG","충청북도 단양군 단성면 하방리","TourAPI 관광정보(contentTypeId 12)","","A02050200"
"","6c252828-b347-4a95-babf-d1b58520d465","단양 김범우 순교 성지","원주","충청북도 단양군 단성면 상방리·하방리 일대","tourinfo","4","조각(단양)·2km 안","1.22","3080013","에덴파크 단양","http://tong.visitkorea.or.kr/cms/resource/01/3080001_image2_1.JPG","충청북도 단양군 북하4길 7","TourAPI 관광정보(contentTypeId 12)","","A02030400"
"","e6ea8590-c9fa-4894-9a96-e9bc8718c9e7","대정성지 (정난주 마리아 묘)","제주","제주특별자치도 서귀포시 대정읍 동일리","tourinfo","9","제목=이름·종교어·2km 안","1.69","2765240","천주교 대정성지","http://tong.visitkorea.or.kr/cms/resource/03/3391703_image2_1.jpg","제주특별자치도 서귀포시 대정읍 추사로247번길 102","TourAPI 관광정보(contentTypeId 12)","","A02010200"
"","e6ea8590-c9fa-4894-9a96-e9bc8718c9e7","대정성지 (정난주 마리아 묘)","제주","제주특별자치도 서귀포시 대정읍 동일리","photokorea","7","태그=이름·종교어","","3Z0mDa","추사적거지","https://tong.visitkorea.or.kr/cms/resource_photo/60/1327160_image2_1.jpg","제주도","한국관광공사 김지호","Type1","추사적거지, 대정성지"
"","96784fc3-c4c5-4266-978c-467dff83abc7","덕산 순교 성지","대전","충청남도 예산군 덕산면 상가리 일대","tourinfo","6","조각(덕산)·500m 안","0.50","3031321","덕산싸이판대온천","http://tong.visitkorea.or.kr/cms/resource/16/3031316_image2_1.jpg","충청남도 예산군 덕산면 온천단지3로 84","TourAPI 관광정보(contentTypeId 12)","","A02020300"
"","96784fc3-c4c5-4266-978c-467dff83abc7","덕산 순교 성지","대전","충청남도 예산군 덕산면 상가리 일대","tourinfo","4","조각(덕산)·2km 안","0.55","125859","덕산온천지구","http://tong.visitkorea.or.kr/cms/resource/76/3055376_image2_1.jpg","충청남도 예산군 덕산면 온천단지2로 19","TourAPI 관광정보(contentTypeId 12)","","A02020300"
"","96784fc3-c4c5-4266-978c-467dff83abc7","덕산 순교 성지","대전","충청남도 예산군 덕산면 상가리 일대","tourinfo","4","조각(덕산)·2km 안","1.14","1627197","덕산향교","http://tong.visitkorea.or.kr/cms/resource/69/3504069_image2_1.jpg","충청남도 예산군 덕산면 덕산향교길 88-34","TourAPI 관광정보(contentTypeId 12)","","A02010700"
"","96784fc3-c4c5-4266-978c-467dff83abc7","덕산 순교 성지","대전","충청남도 예산군 덕산면 상가리 일대","tourinfo","4","조각(덕산)·2km 안","0.52","2782406","덕산 메타세쿼이아길","https://tong.visitkorea.or.kr/cms/resource/51/4098651_image2_1.jpg","충청남도 예산군 덕산면 시량리 27-31","TourAPI 관광정보(contentTypeId 12)","",""
"","96784fc3-c4c5-4266-978c-467dff83abc7","덕산 순교 성지","대전","충청남도 예산군 덕산면 상가리 일대","tourinfo","4","조각(덕산)·2km 안","0.75","3543517","덕산복합문화체육센터","https://tong.visitkorea.or.kr/cms/resource/19/3543319_image2_1.jpg","충청남도 예산군 덕산면 온천단지2로 120","TourAPI 관광정보(contentTypeId 28)","",""
"","47589be3-145b-49d5-ba67-09e05beaa544","되재 성당지","전주","전라북도 완주군 화산면 승치리 729-1","photokorea","9","제목=이름·종교어·같은 시군(완주)","","RYFt6a","되재성당지","https://tong.visitkorea.or.kr/cms/resource_photo/77/2699877_image2_1.jpg","전라북도 완주군 화산면","한국관광공사 김지호","Type1","되재성당지, 전라북도 완주군, 종교, 천주교, 가톨릭, 한옥성당, 드론촬영, 드론사진, 항공촬영"
"","47589be3-145b-49d5-ba67-09e05beaa544","되재 성당지","전주","전라북도 완주군 화산면 승치리 729-1","photokorea","9","제목=이름·종교어·같은 시군(완주)","","RYFtaa","되재성당지","https://tong.visitkorea.or.kr/cms/resource_photo/81/2699881_image2_1.jpg","전라북도 완주군 화산면","한국관광공사 김지호","Type1","되재성당지, 전라북도 완주군, 종교, 천주교, 가톨릭, 한옥성당, 드론촬영, 드론사진, 항공촬영"
"","47589be3-145b-49d5-ba67-09e05beaa544","되재 성당지","전주","전라북도 완주군 화산면 승치리 729-1","photokorea","9","제목=이름·종교어·같은 시군(완주)","","RvXMDa","되재성당지","https://tong.visitkorea.or.kr/cms/resource_photo/48/2699848_image2_1.jpg","전라북도 완주군 화산면","한국관광공사 김지호","Type1","되재성당지, 전라북도 완주군, 종교, 천주교, 가톨릭, 한옥성당"
"","47589be3-145b-49d5-ba67-09e05beaa544","되재 성당지","전주","전라북도 완주군 화산면 승치리 729-1","photokorea","9","제목=이름·종교어·같은 시군(완주)","","RvXMEa","되재성당지","https://tong.visitkorea.or.kr/cms/resource_photo/49/2699849_image2_1.jpg","전라북도 완주군 화산면","한국관광공사 김지호","Type1","되재성당지, 전라북도 완주군, 종교, 천주교, 가톨릭, 한옥성당"
"","47589be3-145b-49d5-ba67-09e05beaa544","되재 성당지","전주","전라북도 완주군 화산면 승치리 729-1","photokorea","9","제목=이름·종교어·같은 시군(완주)","","RvXMIa","되재성당지","https://tong.visitkorea.or.kr/cms/resource_photo/53/2699853_image2_1.jpg","전라북도 완주군 화산면","한국관광공사 김지호","Type1","되재성당지, 전라북도 완주군, 종교, 천주교, 가톨릭, 한옥성당"
"","47589be3-145b-49d5-ba67-09e05beaa544","되재 성당지","전주","전라북도 완주군 화산면 승치리 729-1","photokorea","9","제목=이름·종교어·같은 시군(완주)","","RvXMJa","되재성당지","https://tong.visitkorea.or.kr/cms/resource_photo/54/2699854_image2_1.jpg","전라북도 완주군 화산면","한국관광공사 김지호","Type1","되재성당지, 전라북도 완주군, 종교, 천주교, 가톨릭, 한옥성당"
"","47589be3-145b-49d5-ba67-09e05beaa544","되재 성당지","전주","전라북도 완주군 화산면 승치리 729-1","photokorea","9","제목=이름·종교어·같은 시군(완주)","","RvXMMa","되재성당지","https://tong.visitkorea.or.kr/cms/resource_photo/57/2699857_image2_1.jpg","전라북도 완주군 화산면","한국관광공사 김지호","Type1","되재성당지, 전라북도 완주군, 종교, 천주교, 가톨릭, 한옥성당"
"","47589be3-145b-49d5-ba67-09e05beaa544","되재 성당지","전주","전라북도 완주군 화산면 승치리 729-1","photokorea","9","제목=이름·종교어·같은 시군(완주)","","RvXMQa","되재성당지","https://tong.visitkorea.or.kr/cms/resource_photo/61/2699861_image2_1.jpg","전라북도 완주군 화산면","한국관광공사 김지호","Type1","되재성당지, 전라북도 완주군, 종교, 천주교, 가톨릭, 한옥성당, 드론촬영, 드론사진, 항공촬영"
"","47589be3-145b-49d5-ba67-09e05beaa544","되재 성당지","전주","전라북도 완주군 화산면 승치리 729-1","photokorea","9","제목=이름·종교어·같은 시군(완주)","","RvXMTa","되재성당지","https://tong.visitkorea.or.kr/cms/resource_photo/64/2699864_image2_1.jpg","전라북도 완주군 화산면","한국관광공사 김지호","Type1","되재성당지, 전라북도 완주군, 종교, 천주교, 가톨릭, 한옥성당, 드론촬영, 드론사진, 항공촬영"
"","47589be3-145b-49d5-ba67-09e05beaa544","되재 성당지","전주","전라북도 완주군 화산면 승치리 729-1","photokorea","9","제목=이름·종교어·같은 시군(완주)","","RvXMVa","되재성당지","https://tong.visitkorea.or.kr/cms/resource_photo/66/2699866_image2_1.jpg","전라북도 완주군 화산면","한국관광공사 김지호","Type1","되재성당지, 전라북도 완주군, 종교, 천주교, 가톨릭, 한옥성당, 드론촬영, 드론사진, 항공촬영"
"","47589be3-145b-49d5-ba67-09e05beaa544","되재 성당지","전주","전라북도 완주군 화산면 승치리 729-1","tourinfo","6","이름⊃제목·종교어","5.02","2702537","되재성당","https://tong.visitkorea.or.kr/cms/resource/22/3511722_image2_1.jpg","전북특별자치도 완주군 화산면 승치로 477","TourAPI 관광정보(contentTypeId 12)","",""
"","c7f09aab-c761-4145-ac38-9030030f00f7","명례 성지","마산","경상남도 밀양시 하남읍 명례리 1122","tourinfo","7","제목=이름·종교어","4.63","2702820","천주교 명례성지","http://tong.visitkorea.or.kr/cms/resource/28/3521128_image2_1.jpg","경상남도 밀양시 하남읍 명례안길 44-1","TourAPI 관광정보(contentTypeId 12)","","A02010900"
"","6aad7554-cb1e-4211-af58-3316ba8f1be2","목포 산정동 순교자기념성당","광주","전남 목포시 노송길 35","tourinfo","8","조각(목포)·종교어·500m 안","0.06","3006131","가톨릭 목포 성지","https://tong.visitkorea.or.kr/cms/resource/49/4054849_image2_1.jpg","전남광주통합특별시 목포시 노송길 35 (산정동)","TourAPI 관광정보(contentTypeId 12)","",""
"","6aad7554-cb1e-4211-af58-3316ba8f1be2","목포 산정동 순교자기념성당","광주","전남 목포시 노송길 35","tourinfo","6","조각(목포)·종교어·2km 안","1.63","3006094","목포 경동성당","https://tong.visitkorea.or.kr/cms/resource/10/4098610_image2_1.jpg","전남광주통합특별시 목포시 해안로165번길 33","TourAPI 관광정보(contentTypeId 12)","",""
"","6aad7554-cb1e-4211-af58-3316ba8f1be2","목포 산정동 순교자기념성당","광주","전남 목포시 노송길 35","tourinfo","4","조각(목포)·2km 안","1.32","1057716","목포 종합수산시장","https://tong.visitkorea.or.kr/cms/resource/10/3088410_image2_1.jpg","전남광주통합특별시 목포시 해안로 265-4","TourAPI 관광정보(contentTypeId 38)","",""
"","6aad7554-cb1e-4211-af58-3316ba8f1be2","목포 산정동 순교자기념성당","광주","전남 목포시 노송길 35","tourinfo","4","조각(목포)·2km 안","0.74","1143723","목포 동부시장","https://tong.visitkorea.or.kr/cms/resource/55/3534255_image2_1.jpg","전남광주통합특별시 목포시 산정로 174","TourAPI 관광정보(contentTypeId 38)","",""
"","6aad7554-cb1e-4211-af58-3316ba8f1be2","목포 산정동 순교자기념성당","광주","전남 목포시 노송길 35","tourinfo","4","조각(목포)·2km 안","1.65","1177225","목포 자유시장","https://tong.visitkorea.or.kr/cms/resource/99/4057399_image2_1.jpg","전남광주통합특별시 목포시 자유로 122","TourAPI 관광정보(contentTypeId 38)","",""
"","6aad7554-cb1e-4211-af58-3316ba8f1be2","목포 산정동 순교자기념성당","광주","전남 목포시 노송길 35","tourinfo","4","조각(목포)·2km 안","1.47","1227095","목포 신중앙시장","http://tong.visitkorea.or.kr/cms/resource/47/3534247_image2_1.jpg","전남광주통합특별시 목포시 원산중앙로 51","TourAPI 관광정보(contentTypeId 38)","","A04010200"
"","6aad7554-cb1e-4211-af58-3316ba8f1be2","목포 산정동 순교자기념성당","광주","전남 목포시 노송길 35","tourinfo","4","조각(목포)·2km 안","1.74","126937","이난영의 목포의 눈물 노래비","http://tong.visitkorea.or.kr/cms/resource/73/3535173_image2_1.jpg","전남광주통합특별시 목포시 죽교동","TourAPI 관광정보(contentTypeId 12)","","A02050200"
"","6aad7554-cb1e-4211-af58-3316ba8f1be2","목포 산정동 순교자기념성당","광주","전남 목포시 노송길 35","tourinfo","4","조각(목포)·2km 안","1.33","127329","목포시사","https://tong.visitkorea.or.kr/cms/resource/43/4098943_image2_1.jpg","전남광주통합특별시 목포시 유달로 165","TourAPI 관광정보(contentTypeId 12)","",""
"","6aad7554-cb1e-4211-af58-3316ba8f1be2","목포 산정동 순교자기념성당","광주","전남 목포시 노송길 35","tourinfo","4","조각(목포)·2km 안","1.39","127331","목포오포대","https://tong.visitkorea.or.kr/cms/resource/55/3535155_image2_1.jpg","전남광주통합특별시 목포시 유달로 180","TourAPI 관광정보(contentTypeId 12)","",""
"","6aad7554-cb1e-4211-af58-3316ba8f1be2","목포 산정동 순교자기념성당","광주","전남 목포시 노송길 35","tourinfo","4","조각(목포)·2km 안","1.49","127334","목포 근대역사문화공간","https://tong.visitkorea.or.kr/cms/resource/60/3507460_image2_1.jpg","전남광주통합특별시 목포시 중앙동2가","TourAPI 관광정보(contentTypeId 12)","",""
"","5671a051-b259-49d8-a404-7bcfcd1f0eb1","묵호 성당","춘천","강원도 동해시 묵호진동 일대","tourinfo","4","조각(묵호)·2km 안","1.59","129176","묵호등대","https://tong.visitkorea.or.kr/cms/resource/84/2741884_image2_1.jpg","강원특별자치도 동해시 해맞이길 289 (묵호진동)","TourAPI 관광정보(contentTypeId 12)","",""
"","5671a051-b259-49d8-a404-7bcfcd1f0eb1","묵호 성당","춘천","강원도 동해시 묵호진동 일대","tourinfo","4","조각(묵호)·2km 안","0.88","129588","묵호항","http://tong.visitkorea.or.kr/cms/resource/55/3423355_image2_1.jpg","강원특별자치도 동해시 일출로 22","TourAPI 관광정보(contentTypeId 12)","","A01011400"
"","5671a051-b259-49d8-a404-7bcfcd1f0eb1","묵호 성당","춘천","강원도 동해시 묵호진동 일대","tourinfo","4","조각(묵호)·2km 안","1.30","2774728","묵호항수변공원","http://tong.visitkorea.or.kr/cms/resource/42/3573742_image2_1.jpg","강원특별자치도 동해시 일출로 92-11 (묵호진동)","TourAPI 관광정보(contentTypeId 12)","","A02020700"
"","5671a051-b259-49d8-a404-7bcfcd1f0eb1","묵호 성당","춘천","강원도 동해시 묵호진동 일대","tourinfo","4","조각(묵호)·2km 안","1.08","2776854","묵호항 활·선어판매센터","http://tong.visitkorea.or.kr/cms/resource/21/3448321_image2_1.jpg","강원특별자치도 동해시 묵호진동","TourAPI 관광정보(contentTypeId 38)","","A04010600"
"","5671a051-b259-49d8-a404-7bcfcd1f0eb1","묵호 성당","춘천","강원도 동해시 묵호진동 일대","tourinfo","4","조각(묵호)·2km 안","1.18","2855455","묵호시장","https://tong.visitkorea.or.kr/cms/resource/44/2855444_image2_1.JPG","강원특별자치도 동해시 일출로 67 (묵호진동)","TourAPI 관광정보(contentTypeId 38)","",""
"","5671a051-b259-49d8-a404-7bcfcd1f0eb1","묵호 성당","춘천","강원도 동해시 묵호진동 일대","tourinfo","4","조각(묵호)·2km 안","1.59","2929520","묵호287","https://tong.visitkorea.or.kr/cms/resource/06/2929506_image2_1.JPG","강원특별자치도 동해시 해맞이길 287","TourAPI 관광정보(contentTypeId 39)","",""
"","5671a051-b259-49d8-a404-7bcfcd1f0eb1","묵호 성당","춘천","강원도 동해시 묵호진동 일대","tourinfo","4","조각(묵호)·2km 안","1.58","4084764","내게와 묵호","https://tong.visitkorea.or.kr/cms/resource/49/4083749_image2_1.jpg","강원특별자치도 동해시 해맞이길 286 (묵호진동)","TourAPI 관광정보(contentTypeId 39)","",""
"","299f79c2-1572-4199-abdd-7b5979d5f14f","미리내 성지","수원","경기도 안성시 양성면 미산리","tourinfo","9","제목=이름·종교어·2km 안","1.66","127556","미리내성지","https://tong.visitkorea.or.kr/cms/resource/77/3558777_image2_1.jpg","경기도 안성시 양성면 미리내성지로 420","TourAPI 관광정보(contentTypeId 12)","",""
"","299f79c2-1572-4199-abdd-7b5979d5f14f","미리내 성지","수원","경기도 안성시 양성면 미산리","tourinfo","4","조각(미리내)·2km 안","0.65","128302","안성 미리내마을","http://tong.visitkorea.or.kr/cms/resource/16/3393816_image2_1.jpg","경기도 안성시 양성면 미산1길 2","TourAPI 관광정보(contentTypeId 12)","","A02030100"
"","031a928d-7313-4460-a340-0dd276ea02db","배티 순교성지","청주","충북 진천군 백곡면 양백리","photokorea","9","태그=이름·종교어·같은 시군(진천)","","7ntH1a","배티성지","https://tong.visitkorea.or.kr/cms/resource_photo/10/1363910_image2_1.jpg","충청북도 진천","한국관광공사 박성근","Type1","배티성지, 배티순교성지, 천주교, 성모마리아상"
"","031a928d-7313-4460-a340-0dd276ea02db","배티 순교성지","청주","충북 진천군 백곡면 양백리","photokorea","9","태그=이름·종교어·같은 시군(진천)","","7ntH7a","배티성지","https://tong.visitkorea.or.kr/cms/resource_photo/18/1363918_image2_1.jpg","충청북도 진천","한국관광공사 박성근","Type1","배티성지, 배티순교성지, 천주교, 성모마리아상"
"","031a928d-7313-4460-a340-0dd276ea02db","배티 순교성지","청주","충북 진천군 백곡면 양백리","photokorea","9","태그=이름·종교어·같은 시군(진천)","","7ntHBa","배티성지","https://tong.visitkorea.or.kr/cms/resource_photo/47/1363947_image2_1.jpg","충청북도 진천","한국관광공사 박성근","Type1","배티성지, 배티순교성지, 천주교"
"","031a928d-7313-4460-a340-0dd276ea02db","배티 순교성지","청주","충북 진천군 백곡면 양백리","photokorea","9","태그=이름·종교어·같은 시군(진천)","","7ntHGa","배티성지","https://tong.visitkorea.or.kr/cms/resource_photo/51/1363951_image2_1.jpg","충청북도 진천","한국관광공사 박성근","Type1","배티성지, 배티순교성지, 천주교, 성당"
"","031a928d-7313-4460-a340-0dd276ea02db","배티 순교성지","청주","충북 진천군 백곡면 양백리","photokorea","9","태그=이름·종교어·같은 시군(진천)","","7ntHKa","배티성지","https://tong.visitkorea.or.kr/cms/resource_photo/55/1363955_image2_1.jpg","충청북도 진천","한국관광공사 박성근","Type1","배티성지, 배티순교성지, 천주교"
"","031a928d-7313-4460-a340-0dd276ea02db","배티 순교성지","청주","충북 진천군 백곡면 양백리","photokorea","9","태그=이름·종교어·같은 시군(진천)","","7ntHMa","배티성지","https://tong.visitkorea.or.kr/cms/resource_photo/57/1363957_image2_1.jpg","충청북도 진천","한국관광공사 박성근","Type1","배티성지 안내문, 배티순교성지"
"","031a928d-7313-4460-a340-0dd276ea02db","배티 순교성지","청주","충북 진천군 백곡면 양백리","photokorea","9","태그=이름·종교어·같은 시군(진천)","","7ntHda","배티성지","https://tong.visitkorea.or.kr/cms/resource_photo/24/1363924_image2_1.jpg","충청북도 진천","한국관광공사 박성근","Type1","배티성지, 배티순교성지, 천주교"
"","031a928d-7313-4460-a340-0dd276ea02db","배티 순교성지","청주","충북 진천군 백곡면 양백리","photokorea","9","태그=이름·종교어·같은 시군(진천)","","Tkoz1a","배티성지","https://tong.visitkorea.or.kr/cms/resource_photo/14/1363814_image2_1.jpg","충청북도 진천","한국관광공사 박성근","Type1","배티성지, 배티순교성지, 천주교"
"","031a928d-7313-4460-a340-0dd276ea02db","배티 순교성지","청주","충북 진천군 백곡면 양백리","photokorea","9","태그=이름·종교어·같은 시군(진천)","","Tkoz9a","배티성지","https://tong.visitkorea.or.kr/cms/resource_photo/21/1363821_image2_1.jpg","충청북도 진천","한국관광공사 박성근","Type1","배티성지, 배티순교성지, 천주교, 성모마리아상"
"","031a928d-7313-4460-a340-0dd276ea02db","배티 순교성지","청주","충북 진천군 백곡면 양백리","photokorea","9","태그=이름·종교어·같은 시군(진천)","","TkozAa","배티성지","https://tong.visitkorea.or.kr/cms/resource_photo/59/1363859_image2_1.jpg","충청북도 진천","한국관광공사 박성근","Type1","배티성지, 배티순교성지, 천주교, 십자가의 길"
"","031a928d-7313-4460-a340-0dd276ea02db","배티 순교성지","청주","충북 진천군 백곡면 양백리","tourinfo","4","조각(배티)·종교어","4.27","127793","진천 배티 성지","http://tong.visitkorea.or.kr/cms/resource/96/3064496_image2_1.JPG","충청북도 진천군 백곡면 배티로 663-13","TourAPI 관광정보(contentTypeId 12)","","A02010900"
"","85ff5760-a3a0-4a5d-9065-867ff9a14465","백령도 성지","인천","인천 옹진군 백령면 백령로254번길 66","tourinfo","4","이름⊃제목","4.30","125505","백령도","https://tong.visitkorea.or.kr/cms/resource/45/3497845_image2_1.jpg","인천광역시 옹진군 백령면 북포리","TourAPI 관광정보(contentTypeId 12)","",""
"","b15f9ef4-232a-4bdd-a052-257143a10540","보은 멍에목 성지","청주","충북 보은군","tourinfo","4","조각(보은)·2km 안","1.15","125989","보은 삼년산성","https://tong.visitkorea.or.kr/cms/resource/93/4058793_image2_1.png","충청북도 보은군 보은읍 성주1길 104","TourAPI 관광정보(contentTypeId 12)","",""
"","b15f9ef4-232a-4bdd-a052-257143a10540","보은 멍에목 성지","청주","충북 보은군","tourinfo","4","조각(보은)·2km 안","0.56","129955","보은문화원","https://tong.visitkorea.or.kr/cms/resource/08/4006008_image2_1.jpg","충청북도 보은군 보은읍 뱃들로 54","TourAPI 관광정보(contentTypeId 14)","",""
"","b15f9ef4-232a-4bdd-a052-257143a10540","보은 멍에목 성지","청주","충북 보은군","tourinfo","4","조각(보은)·2km 안","1.00","132013","보은장(1, 6일)","http://tong.visitkorea.or.kr/cms/resource/05/3342505_image2_1.JPG","충청북도 보은군 보은읍 삼산로 17-16","TourAPI 관광정보(contentTypeId 38)","","A04010100"
"","b15f9ef4-232a-4bdd-a052-257143a10540","보은 멍에목 성지","청주","충북 보은군","tourinfo","4","조각(보은)·2km 안","1.46","1626733","보은향교","http://tong.visitkorea.or.kr/cms/resource/25/3334725_image2_1.JPG","충청북도 보은군 보은읍 향교2길 21-5","TourAPI 관광정보(contentTypeId 12)","","A02010700"
"","b15f9ef4-232a-4bdd-a052-257143a10540","보은 멍에목 성지","청주","충북 보은군","tourinfo","4","조각(보은)·2km 안","1.33","1626739","보은동헌","https://tong.visitkorea.or.kr/cms/resource/15/4102315_image2_1.JPG","충청북도 보은군 보은읍 삼산로 56-14","TourAPI 관광정보(contentTypeId 12)","",""
"","b15f9ef4-232a-4bdd-a052-257143a10540","보은 멍에목 성지","청주","충북 보은군","tourinfo","4","조각(보은)·2km 안","1.33","2733367","보은군 농경문화관","https://tong.visitkorea.or.kr/cms/resource/27/4017127_image2_1.jpg","충청북도 보은군 보은읍 보청대로 1655-3","TourAPI 관광정보(contentTypeId 14)","",""
"","b15f9ef4-232a-4bdd-a052-257143a10540","보은 멍에목 성지","청주","충북 보은군","tourinfo","4","조각(보은)·2km 안","0.59","2876544","보은옥천영동축협 한우이야기","http://tong.visitkorea.or.kr/cms/resource/35/2876535_image2_1.jpg","충청북도 보은군 뱃들로 57 보은옥천영동축협","TourAPI 관광정보(contentTypeId 39)","","A05020100"
"","b15f9ef4-232a-4bdd-a052-257143a10540","보은 멍에목 성지","청주","충북 보은군","tourinfo","4","조각(보은)·2km 안","1.33","3109655","보은 벚꽃길 축제","https://tong.visitkorea.or.kr/cms/resource/07/4040507_image2_1.JPG","충청북도 보은군 보은읍 남부로 4412-13","TourAPI 관광정보(contentTypeId 15)","",""
"","b15f9ef4-232a-4bdd-a052-257143a10540","보은 멍에목 성지","청주","충북 보은군","tourinfo","4","조각(보은)·2km 안","1.24","4093861","보은대추닭강정 본점","https://tong.visitkorea.or.kr/cms/resource/50/4093850_image2_1.jpg","충청북도 보은군 보은읍 삼산로5길 3","TourAPI 관광정보(contentTypeId 39)","",""
"","b15f9ef4-232a-4bdd-a052-257143a10540","보은 멍에목 성지","청주","충북 보은군","tourinfo","4","조각(보은)·2km 안","0.56","900168","보은대추 축제","https://tong.visitkorea.or.kr/cms/resource/59/4096359_image2_1.JPG","충청북도 보은군 보은읍 뱃들로 54","TourAPI 관광정보(contentTypeId 15)","",""
"","b01a51e2-2c86-4458-b95b-7a742bc062cd","삼성산 성지","서울","서울시 관악구 신림동 산54-14","tourinfo","7","제목=이름·종교어","3.33","756600","삼성산성지","https://tong.visitkorea.or.kr/cms/resource/37/3526737_image2_1.JPG","서울특별시 관악구 호암로 454-16","TourAPI 관광정보(contentTypeId 12)","",""
"","4c36258e-cfcc-4c77-be5c-325b77513f58","상주 신앙 고백비","안동","경상북도 상주시 청리면 삼괴리 361","tourinfo","6","조각(상주·신앙·고백비)·종교어","3.53","129003","상주천주교신앙고백비","https://tong.visitkorea.or.kr/cms/resource/14/3528014_image2_1.jpg","경상북도 상주시 청리면 삼괴리","TourAPI 관광정보(contentTypeId 12)","",""
"","2686f0fa-9cc0-4aac-a34c-8a8c22283e67","상주 옥 터","안동","경상북도 상주시 성동동 (남문시장 옛 자리)","tourinfo","4","조각(상주)·종교어","6.83","129003","상주천주교신앙고백비","https://tong.visitkorea.or.kr/cms/resource/14/3528014_image2_1.jpg","경상북도 상주시 청리면 삼괴리","TourAPI 관광정보(contentTypeId 12)","",""
"","2686f0fa-9cc0-4aac-a34c-8a8c22283e67","상주 옥 터","안동","경상북도 상주시 성동동 (남문시장 옛 자리)","tourinfo","4","조각(상주)·2km 안","1.26","128736","상주향교","http://tong.visitkorea.or.kr/cms/resource/35/3060135_image2_1.jpg","경상북도 상주시 신봉2길 111 (신봉동)","TourAPI 관광정보(contentTypeId 12)","","A02010700"
"","2686f0fa-9cc0-4aac-a34c-8a8c22283e67","상주 옥 터","안동","경상북도 상주시 성동동 (남문시장 옛 자리)","tourinfo","4","조각(상주)·2km 안","1.02","129743","상주시 문화회관","https://tong.visitkorea.or.kr/cms/resource/29/3410729_image2_1.jpg","경상북도 상주시 상산로 235 (남성동)","TourAPI 관광정보(contentTypeId 14)","",""
"","2686f0fa-9cc0-4aac-a34c-8a8c22283e67","상주 옥 터","안동","경상북도 상주시 성동동 (남문시장 옛 자리)","tourinfo","4","조각(상주)·2km 안","1.03","130024","상주문화원","http://tong.visitkorea.or.kr/cms/resource/21/3353421_image2_1.JPG","경상북도 상주시 상산로 235","TourAPI 관광정보(contentTypeId 14)","","A02060700"
"","2686f0fa-9cc0-4aac-a34c-8a8c22283e67","상주 옥 터","안동","경상북도 상주시 성동동 (남문시장 옛 자리)","tourinfo","4","조각(상주)·2km 안","0.83","132280","상주장 / 상주중앙시장 (2, 7일)","http://tong.visitkorea.or.kr/cms/resource/47/3060047_image2_1.jpg","경상북도 상주시 중앙시장길 1-7","TourAPI 관광정보(contentTypeId 38)","","A04010100"
"","2686f0fa-9cc0-4aac-a34c-8a8c22283e67","상주 옥 터","안동","경상북도 상주시 성동동 (남문시장 옛 자리)","tourinfo","4","조각(상주)·2km 안","1.08","4087948","경상북도교육청 상주도서관","https://tong.visitkorea.or.kr/cms/resource/52/4087952_image2_1.jpg","경상북도 상주시 상서문1길 127 (남성동)","TourAPI 관광정보(contentTypeId 14)","",""
"","9321e8ce-5d68-46e5-bd9f-e8fbde9ca2e4","새미 은총의 동산","제주","제주도 제주시 한림읍 금악리 365-1","tourinfo","5","제목=이름","7.29","2765252","새미은총의동산","https://tong.visitkorea.or.kr/cms/resource/17/4088617_image2_1.jpg","제주특별자치도 제주시 한림읍 새미소길 15","TourAPI 관광정보(contentTypeId 12)","",""
"","c3dab929-8628-4fcd-be56-032a8076f934","서소문 밖 네거리 순교성지","서울","서울시 중구 칠패로 5 (중림동)","tourinfo","8","조각(서소문)·종교어·500m 안","0.33","2765202","서소문성지역사박물관","http://tong.visitkorea.or.kr/cms/resource/75/3430175_image2_1.JPG","서울특별시 중구 칠패로 5 (의주로2가)","TourAPI 관광정보(contentTypeId 14)","","A02060100"
"","c3dab929-8628-4fcd-be56-032a8076f934","서소문 밖 네거리 순교성지","서울","서울시 중구 칠패로 5 (중림동)","tourinfo","6","조각(서소문)·500m 안","0.49","130071","서울시립미술관 서소문본관","https://tong.visitkorea.or.kr/cms/resource/90/3510490_image2_1.jpg","서울특별시 중구 덕수궁길 61","TourAPI 관광정보(contentTypeId 14)","",""
"","c3dab929-8628-4fcd-be56-032a8076f934","서소문 밖 네거리 순교성지","서울","서울시 중구 칠패로 5 (중림동)","tourinfo","6","조각(서소문)·500m 안","0.33","1605977","서소문역사공원","http://tong.visitkorea.or.kr/cms/resource/82/3384982_image2_1.JPG","서울특별시 중구 칠패로 5 (의주로2가)","TourAPI 관광정보(contentTypeId 12)","","A02020700"
"","61608fcb-1437-42f6-a194-f715380aa8ac","성체 순례 성지","인천","경기도 김포시 북변동 259-1","tourinfo","4","조각(순례)·종교어","26.54","1196862","[북한산 둘레길 2구간] 순례길","https://tong.visitkorea.or.kr/cms/resource/58/3499958_image2_1.jpg","서울특별시 강북구 우이동","TourAPI 관광정보(contentTypeId 28)","",""
"","61608fcb-1437-42f6-a194-f715380aa8ac","성체 순례 성지","인천","경기도 김포시 북변동 259-1","tourinfo","4","조각(순례)·종교어","29.96","987669","한순례한복침구","http://tong.visitkorea.or.kr/cms/resource/49/3579249_image2_1.jpg","서울특별시 강남구 압구정로 164 (신사동)","TourAPI 관광정보(contentTypeId 38)","","A04010600"
"","976e14c9-3957-4682-beb4-c9491bfa9cf9","소양로 성당","춘천","강원도 춘천시 소양로 2가 78-1","tourinfo","4","조각(소양로)·2km 안","1.60","2702541","소양로비석군","http://tong.visitkorea.or.kr/cms/resource/23/3382423_image2_1.JPG","강원특별자치도 춘천시 소양로1가","TourAPI 관광정보(contentTypeId 12)","","A02050200"
"","3703ae13-69fa-427e-aafe-ce32b340a1eb","손골 성지","수원","경기도 용인시 수지구 동천동 734","tourinfo","7","제목=이름·종교어","4.65","2732361","천주교 손골성지","http://tong.visitkorea.or.kr/cms/resource/44/2774244_image2_1.jpg","경기도 용인시 수지구 동천로437번길 67","TourAPI 관광정보(contentTypeId 12)","","A02010900"
"","da89541b-07ce-4658-b138-897fa4473977","수리치골 성모 성지","대전","충청남도 공주시 신풍면 봉갑리 356-6","tourinfo","4","조각(수리치골)·종교어","4.61","127238","수리치골 성지","https://tong.visitkorea.or.kr/cms/resource/82/3060482_image2_1.JPG","충청남도 공주시 신풍면 용수봉갑길 544","TourAPI 관광정보(contentTypeId 12)","",""
"","bf53457b-5cbc-4468-bb63-0b4526967801","수영 장대 순교성지","부산","부산시 수영구 광안 4동 546-4","tourinfo","6","조각(수영)·종교어·2km 안","1.83","129631","경상좌수영성지","http://tong.visitkorea.or.kr/cms/resource/02/3476802_image2_1.jpg","부산광역시 수영구 수영성로 43","TourAPI 관광정보(contentTypeId 12)","","A02010100"
"","bf53457b-5cbc-4468-bb63-0b4526967801","수영 장대 순교성지","부산","부산시 수영구 광안 4동 546-4","tourinfo","6","조각(수영)·500m 안","0.45","2869572","수영 돼지국밥","http://tong.visitkorea.or.kr/cms/resource/56/2869556_image2_1.JPG","부산광역시 수영구 무학로 6 (광안동)","TourAPI 관광정보(contentTypeId 39)","","A05020100"
"","bf53457b-5cbc-4468-bb63-0b4526967801","수영 장대 순교성지","부산","부산시 수영구 광안 4동 546-4","tourinfo","6","조각(수영)·500m 안","0.48","2926892","올리브영 부산수영로점","https://tong.visitkorea.or.kr/cms/resource/30/4028330_image2_1.jpeg","부산광역시 수영구 수영로 631 (광안동)","TourAPI 관광정보(contentTypeId 38)","",""
"","bf53457b-5cbc-4468-bb63-0b4526967801","수영 장대 순교성지","부산","부산시 수영구 광안 4동 546-4","tourinfo","4","조각(수영)·2km 안","1.42","127771","수영사적공원","https://tong.visitkorea.or.kr/cms/resource/78/3491478_image2_1.jpg","부산광역시 수영구 수영성로 43","TourAPI 관광정보(contentTypeId 12)","",""
"","bf53457b-5cbc-4468-bb63-0b4526967801","수영 장대 순교성지","부산","부산시 수영구 광안 4동 546-4","tourinfo","4","조각(수영)·2km 안","1.48","130203","수영민속예술관","https://tong.visitkorea.or.kr/cms/resource/05/3491505_image2_1.jpg","부산광역시 수영구 수영성로 43 (수영동)","TourAPI 관광정보(contentTypeId 14)","",""
"","bf53457b-5cbc-4468-bb63-0b4526967801","수영 장대 순교성지","부산","부산시 수영구 광안 4동 546-4","tourinfo","4","조각(수영)·2km 안","1.42","2869279","수영팔도시장","http://tong.visitkorea.or.kr/cms/resource/57/2869257_image2_1.JPG","부산광역시 수영구 수영동","TourAPI 관광정보(contentTypeId 38)","","A04010200"
"","bf53457b-5cbc-4468-bb63-0b4526967801","수영 장대 순교성지","부산","부산시 수영구 광안 4동 546-4","tourinfo","4","조각(수영)·2km 안","1.16","2904021","올리브영 부산수영점","https://tong.visitkorea.or.kr/cms/resource/31/4028331_image2_1.jpeg","부산광역시 수영구 수영로 703 (수영동)","TourAPI 관광정보(contentTypeId 38)","",""
"","bf53457b-5cbc-4468-bb63-0b4526967801","수영 장대 순교성지","부산","부산시 수영구 광안 4동 546-4","tourinfo","4","조각(수영)·2km 안","1.20","4011234","정관장 수영역점","https://tong.visitkorea.or.kr/cms/resource/02/4023802_image2_1.jpg","부산광역시 수영구 연수로 400 (광안동)","TourAPI 관광정보(contentTypeId 38)","",""
"","8645eda9-5e06-4465-a193-aaaa0cff05ff","수원 화성 순교성지","수원","경기도 수원시 팔달구 정조로 780","tourinfo","6","조각(수원)·500m 안","0.45","130095","수원시민회관","http://tong.visitkorea.or.kr/cms/resource/58/3475858_image2_1.JPG","경기도 수원시 팔달구 팔달산로 28 (매산로3가)","TourAPI 관광정보(contentTypeId 14)","","A02060600"
"","8645eda9-5e06-4465-a193-aaaa0cff05ff","수원 화성 순교성지","수원","경기도 수원시 팔달구 정조로 780","tourinfo","6","조각(수원)·500m 안","0.39","130828","수원시립중앙도서관","https://tong.visitkorea.or.kr/cms/resource/67/3057767_image2_1.JPG","경기도 수원시 팔달구 팔달산로 318 (교동)","TourAPI 관광정보(contentTypeId 14)","",""
"","8645eda9-5e06-4465-a193-aaaa0cff05ff","수원 화성 순교성지","수원","경기도 수원시 팔달구 정조로 780","tourinfo","6","조각(수원)·500m 안","0.30","132352","수원 영동시장","https://tong.visitkorea.or.kr/cms/resource/10/3516010_image2_1.jpg","경기도 수원시 팔달구 수원천로255번길 6","TourAPI 관광정보(contentTypeId 38)","",""
"","8645eda9-5e06-4465-a193-aaaa0cff05ff","수원 화성 순교성지","수원","경기도 수원시 팔달구 정조로 780","tourinfo","6","조각(수원)·500m 안","0.30","2480899","수원화성 관광특구","https://tong.visitkorea.or.kr/cms/resource/36/3500936_image2_1.jpg","경기도 수원시 팔달구 정조로 780 (팔달로2가)","TourAPI 관광정보(contentTypeId 12)","",""
"","8645eda9-5e06-4465-a193-aaaa0cff05ff","수원 화성 순교성지","수원","경기도 수원시 팔달구 정조로 780","tourinfo","6","조각(수원)·500m 안","0.37","2589025","수원 남문시장","http://tong.visitkorea.or.kr/cms/resource/33/2589033_image2_1.jpg","경기도 수원시 팔달구 팔달문로 9 (팔달로2가)","TourAPI 관광정보(contentTypeId 38)","","A04010200"
"","8645eda9-5e06-4465-a193-aaaa0cff05ff","수원 화성 순교성지","수원","경기도 수원시 팔달구 정조로 780","tourinfo","6","조각(수원)·500m 안","0.46","264400","수원향교","http://tong.visitkorea.or.kr/cms/resource/03/3571703_image2_1.jpg","경기도 수원시 팔달구 향교로 107-9 (교동)","TourAPI 관광정보(contentTypeId 12)","","A02010700"
"","8645eda9-5e06-4465-a193-aaaa0cff05ff","수원 화성 순교성지","수원","경기도 수원시 팔달구 정조로 780","tourinfo","6","조각(수원)·500m 안","0.46","2667588","수원 공방거리","https://tong.visitkorea.or.kr/cms/resource/11/3516011_image2_1.jpg","경기도 수원시 팔달구 남창동","TourAPI 관광정보(contentTypeId 12)","",""
"","8645eda9-5e06-4465-a193-aaaa0cff05ff","수원 화성 순교성지","수원","경기도 수원시 팔달구 정조로 780","tourinfo","6","조각(수원)·500m 안","0.30","2893684","네이처리퍼블릭 수원남문점","https://tong.visitkorea.or.kr/cms/resource/27/4020427_image2_1.jpg","경기도 수원시 팔달구 팔달문로 2 (팔달로3가)","TourAPI 관광정보(contentTypeId 38)","",""
"","8645eda9-5e06-4465-a193-aaaa0cff05ff","수원 화성 순교성지","수원","경기도 수원시 팔달구 정조로 780","tourinfo","6","조각(수원)·500m 안","0.32","3033796","수원 구 부국원","https://tong.visitkorea.or.kr/cms/resource/94/3572694_image2_1.jpg","경기도 수원시 팔달구 향교로 130 (교동)","TourAPI 관광정보(contentTypeId 12)","",""
"","8645eda9-5e06-4465-a193-aaaa0cff05ff","수원 화성 순교성지","수원","경기도 수원시 팔달구 정조로 780","tourinfo","6","조각(수원)·500m 안","0.20","4011498","노스페이스 수원남문점","https://tong.visitkorea.or.kr/cms/resource/65/4022065_image2_1.jpg","경기도 수원시 팔달구 정조로 769 (팔달로3가)","TourAPI 관광정보(contentTypeId 38)","",""
"","800a92cf-7894-484b-a1b8-ed426e8e3509","신나무골 성지","대구","경상북도 칠곡군 지천면 연화리 20","tourinfo","9","제목=이름·종교어·2km 안","1.01","3486984","신나무골성지","https://tong.visitkorea.or.kr/cms/resource/64/4104364_image2_1.jpg","경상북도 칠곡군 지천면 칠곡대로 2189-22","TourAPI 관광정보(contentTypeId 12)","",""
"","cb885f54-2117-4e01-94b7-6fc93576e12f","양양 성지","춘천","강원도 양양군 양양읍 성내리 8-1","tourinfo","4","조각(양양)·2km 안","0.98","129883","양양문화원","http://tong.visitkorea.or.kr/cms/resource/56/3076856_image2_1.jpg","강원특별자치도 양양군 양양읍 양양로 114-5","TourAPI 관광정보(contentTypeId 14)","","A02060700"
"","cb885f54-2117-4e01-94b7-6fc93576e12f","양양 성지","춘천","강원도 양양군 양양읍 성내리 8-1","tourinfo","4","조각(양양)·2km 안","0.61","131998","양양전통시장 (4, 9일)","https://tong.visitkorea.or.kr/cms/resource/04/4068204_image2_1.jpg","강원특별자치도 양양군 양양읍 남문5길 9","TourAPI 관광정보(contentTypeId 38)","",""
"","cb885f54-2117-4e01-94b7-6fc93576e12f","양양 성지","춘천","강원도 양양군 양양읍 성내리 8-1","tourinfo","4","조각(양양)·2km 안","0.84","229052","양양연어축제","http://tong.visitkorea.or.kr/cms/resource/37/3543537_image2_1.JPG","강원특별자치도 양양군 양양읍 일출로 589","TourAPI 관광정보(contentTypeId 15)","","A02070200"
"","cb885f54-2117-4e01-94b7-6fc93576e12f","양양 성지","춘천","강원도 양양군 양양읍 성내리 8-1","tourinfo","4","조각(양양)·2km 안","1.60","252568","양양향교","http://tong.visitkorea.or.kr/cms/resource/80/3076880_image2_1.jpg","강원특별자치도 양양군 양양읍 거마천로 52-20","TourAPI 관광정보(contentTypeId 12)","","A02010700"
"","cb885f54-2117-4e01-94b7-6fc93576e12f","양양 성지","춘천","강원도 양양군 양양읍 성내리 8-1","tourinfo","4","조각(양양)·2km 안","0.77","2915995","양양송이조각공원","http://tong.visitkorea.or.kr/cms/resource/90/2915990_image2_1.JPG","강원특별자치도 양양군 양양읍 동해대로 2708","TourAPI 관광정보(contentTypeId 12)","","A02020700"
"","cb885f54-2117-4e01-94b7-6fc93576e12f","양양 성지","춘천","강원도 양양군 양양읍 성내리 8-1","tourinfo","4","조각(양양)·2km 안","0.71","3042140","양양남대천체육공원","https://tong.visitkorea.or.kr/cms/resource/32/3042132_image2_1.jpg","강원특별자치도 양양군 양양읍 연창리","TourAPI 관광정보(contentTypeId 12)","",""
"","cb885f54-2117-4e01-94b7-6fc93576e12f","양양 성지","춘천","강원도 양양군 양양읍 성내리 8-1","tourinfo","4","조각(양양)·2km 안","1.17","3484079","양양 남대천 벚꽃축제","https://tong.visitkorea.or.kr/cms/resource/05/4046005_image2_1.jpg","강원특별자치도 양양군 양양읍 송암리 505-3","TourAPI 관광정보(contentTypeId 15)","",""
"","cb885f54-2117-4e01-94b7-6fc93576e12f","양양 성지","춘천","강원도 양양군 양양읍 성내리 8-1","tourinfo","4","조각(양양)·2km 안","0.69","4054610","양양 작은영화관","https://tong.visitkorea.or.kr/cms/resource/48/4053948_image2_1.jpg","강원특별자치도 양양군 양양읍 일출로 570","TourAPI 관광정보(contentTypeId 14)","",""
"","cb885f54-2117-4e01-94b7-6fc93576e12f","양양 성지","춘천","강원도 양양군 양양읍 성내리 8-1","tourinfo","4","조각(양양)·2km 안","0.86","506708","양양송이축제","http://tong.visitkorea.or.kr/cms/resource/10/3542210_image2_1.JPG","강원특별자치도 양양군 양양읍 일출로 589","TourAPI 관광정보(contentTypeId 15)","","A02070200"
"","5ba9bfec-e762-4b98-9430-87c6ec27c234","양주 순교 성지","의정부","경기도 양주시 유양동 233 (양주 향교 앞)","tourinfo","6","조각(양주)·500m 안","0.38","127429","양주향교","http://tong.visitkorea.or.kr/cms/resource/28/3559428_image2_1.jpg","경기도 양주시 부흥로1423번길 50","TourAPI 관광정보(contentTypeId 12)","","A02010700"
"","5ba9bfec-e762-4b98-9430-87c6ec27c234","양주 순교 성지","의정부","경기도 양주시 유양동 233 (양주 향교 앞)","tourinfo","6","조각(양주)·500m 안","0.30","2754288","양주 관아지","http://tong.visitkorea.or.kr/cms/resource/91/3541591_image2_1.jpg","경기도 양주시 부흥로1399번길 15 (유양동)","TourAPI 관광정보(contentTypeId 12)","","A02010700"
"","5ba9bfec-e762-4b98-9430-87c6ec27c234","양주 순교 성지","의정부","경기도 양주시 유양동 233 (양주 향교 앞)","tourinfo","6","조각(양주)·500m 안","0.31","2754295","양주별산대놀이전수교육관","https://tong.visitkorea.or.kr/cms/resource/70/4093670_image2_1.jpg","경기도 양주시 부흥로1399번길 47","TourAPI 관광정보(contentTypeId 14)","",""
"","5ba9bfec-e762-4b98-9430-87c6ec27c234","양주 순교 성지","의정부","경기도 양주시 유양동 233 (양주 향교 앞)","tourinfo","4","조각(양주)·2km 안","1.54","126989","양주 대모산성","http://tong.visitkorea.or.kr/cms/resource/01/3496401_image2_1.jpg","경기도 양주시 백석읍 방성리","TourAPI 관광정보(contentTypeId 12)","","A02010200"
"","83fa7ec0-8694-4a20-9dd9-31c19020bbcb","언양 죽림굴(대재공소)","부산","울산광역시 울주군 상북면 간월산","tourinfo","4","조각(언양)·종교어","28.26","1935346","언양성당 성지","http://tong.visitkorea.or.kr/cms/resource/18/3581718_image2_1.jpg","울산광역시 울주군 언양읍 구교동1길 11","TourAPI 관광정보(contentTypeId 12)","","A02010900"
"","4b1bd009-94ca-4cc5-8217-8c3b6b5491c7","연풍 순교성지","청주","충북 괴산군 연풍면","tourinfo","6","조각(연풍)·종교어·2km 안","0.62","1626555","연풍성지","http://tong.visitkorea.or.kr/cms/resource/53/3571253_image2_1.jpg","충청북도 괴산군 연풍면 중앙로홍문2길 14","TourAPI 관광정보(contentTypeId 12)","","A02010900"
"","4b1bd009-94ca-4cc5-8217-8c3b6b5491c7","연풍 순교성지","청주","충북 괴산군 연풍면","tourinfo","4","조각(연풍)·2km 안","0.61","1626584","연풍향교","http://tong.visitkorea.or.kr/cms/resource/09/3355109_image2_1.JPG","충청북도 괴산군 연풍면 향교로 40-2","TourAPI 관광정보(contentTypeId 12)","","A02010700"
"","4b1bd009-94ca-4cc5-8217-8c3b6b5491c7","연풍 순교성지","청주","충북 괴산군 연풍면","tourinfo","4","조각(연풍)·2km 안","0.70","1678406","연풍향청","http://tong.visitkorea.or.kr/cms/resource/98/3589298_image2_1.jpg","충청북도 괴산군 연풍면 중앙로 44","TourAPI 관광정보(contentTypeId 12)","","A02010100"
"","6436b88a-1101-40d8-be84-59dba4146ee5","영광 순교자 기념성당","광주","전남 영광군 영광읍","tourinfo","6","조각(영광)·500m 안","0.16","2775315","THE영광커피","https://tong.visitkorea.or.kr/cms/resource/31/3352031_image2_1.jpg","전남광주통합특별시 영광군 영광읍 신남로 261-1","TourAPI 관광정보(contentTypeId 12)","",""
"","6436b88a-1101-40d8-be84-59dba4146ee5","영광 순교자 기념성당","광주","전남 영광군 영광읍","tourinfo","4","조각(영광)·2km 안","0.51","129989","영광문화원","https://tong.visitkorea.or.kr/cms/resource/16/1971116_image2_1.jpg","전남광주통합특별시 영광군 영광읍 천년로13길 2-28","TourAPI 관광정보(contentTypeId 14)","",""
"","6436b88a-1101-40d8-be84-59dba4146ee5","영광 순교자 기념성당","광주","전남 영광군 영광읍","tourinfo","4","조각(영광)·2km 안","0.72","132071","영광장 (1, 6일)","https://tong.visitkorea.or.kr/cms/resource/93/1971693_image2_1.jpg","전남광주통합특별시 영광군 영광읍 천년로 1459","TourAPI 관광정보(contentTypeId 38)","",""
"","6436b88a-1101-40d8-be84-59dba4146ee5","영광 순교자 기념성당","광주","전남 영광군 영광읍","tourinfo","4","조각(영광)·2km 안","0.95","1954943","영광향교","http://tong.visitkorea.or.kr/cms/resource/71/3378971_image2_1.JPG","전남광주통합특별시 영광군 영광읍 향교길 32","TourAPI 관광정보(contentTypeId 12)","","A02010700"
"","6436b88a-1101-40d8-be84-59dba4146ee5","영광 순교자 기념성당","광주","전남 영광군 영광읍","tourinfo","4","조각(영광)·2km 안","0.62","2556171","영광군립도서관","https://tong.visitkorea.or.kr/cms/resource/16/1971116_image2_1.jpg","전남광주통합특별시 영광군 영광읍 중앙로 228-16","TourAPI 관광정보(contentTypeId 14)","",""
"","6436b88a-1101-40d8-be84-59dba4146ee5","영광 순교자 기념성당","광주","전남 영광군 영광읍","tourinfo","4","조각(영광)·2km 안","1.46","2876922","영광고추특화시장","https://tong.visitkorea.or.kr/cms/resource/66/4101566_image2_1.jpg","전남광주통합특별시 영광군 영광읍 신남로 100-35","TourAPI 관광정보(contentTypeId 38)","",""
"","6436b88a-1101-40d8-be84-59dba4146ee5","영광 순교자 기념성당","광주","전남 영광군 영광읍","tourinfo","4","조각(영광)·2km 안","1.19","2876958","영광맛집 호타루","http://tong.visitkorea.or.kr/cms/resource/50/2876950_image2_1.jpg","전남광주통합특별시 영광군 영광읍 대하길 35","TourAPI 관광정보(contentTypeId 39)","","A05020300"
"","6436b88a-1101-40d8-be84-59dba4146ee5","영광 순교자 기념성당","광주","전남 영광군 영광읍","tourinfo","4","조각(영광)·2km 안","1.29","2891278","민속촌 영광점","http://tong.visitkorea.or.kr/cms/resource/08/2877508_image2_1.jpg","전남광주통합특별시 영광군 영광읍 신남로1길 54-22","TourAPI 관광정보(contentTypeId 39)","","A05020100"
"","a35a6b67-90d6-4da2-969a-af259380f959","오륜대 한국 순교자 박물관","부산","부산광역시 금정구 오륜대로 106","tourinfo","6","종교어·500m 안","0.32","1935608","가톨릭 특성화 거리","http://tong.visitkorea.or.kr/cms/resource/44/3552344_image2_1.jpg","부산광역시 금정구 부곡동","TourAPI 관광정보(contentTypeId 12)","","A02030600"
"","a35a6b67-90d6-4da2-969a-af259380f959","오륜대 한국 순교자 박물관","부산","부산광역시 금정구 오륜대로 106","tourinfo","4","조각(오륜대)·2km 안","1.85","2763832","오륜대전망대","https://tong.visitkorea.or.kr/cms/resource/45/2763945_image2_1.jpg","부산광역시 금정구 오륜대로 229 (오륜동)","TourAPI 관광정보(contentTypeId 12)","",""
"","7e1d46c2-486b-4b56-8f02-cb0f7703edcd","왜고개 성지","군종","서울시 용산구 용산동 5가 2-65","photokorea","7","제목=이름·종교어","","WYSKAa","왜고개성지","https://tong.visitkorea.or.kr/cms/resource_photo/40/1939240_image2_1.jpg","서울시","한국관광공사 김지호","Type1","왜고개성지, 왜고개, 성지, 교황, 교황방문"
"","7e1d46c2-486b-4b56-8f02-cb0f7703edcd","왜고개 성지","군종","서울시 용산구 용산동 5가 2-65","photokorea","7","제목=이름·종교어","","WYSKqa","왜고개성지","https://tong.visitkorea.or.kr/cms/resource_photo/31/1939231_image2_1.jpg","서울시","한국관광공사 김지호","Type1","왜고개성지, 왜고개, 성지, 교황, 교황방문"
"","7e1d46c2-486b-4b56-8f02-cb0f7703edcd","왜고개 성지","군종","서울시 용산구 용산동 5가 2-65","photokorea","7","제목=이름·종교어","","WYSKta","왜고개성지","https://tong.visitkorea.or.kr/cms/resource_photo/34/1939234_image2_1.jpg","서울시","한국관광공사 김지호","Type1","왜고개성지, 왜고개, 성지, 교황, 교황방문"
"","7e1d46c2-486b-4b56-8f02-cb0f7703edcd","왜고개 성지","군종","서울시 용산구 용산동 5가 2-65","photokorea","7","제목=이름·종교어","","WYSKwa","왜고개성지","https://tong.visitkorea.or.kr/cms/resource_photo/37/1939237_image2_1.jpg","서울시","한국관광공사 김지호","Type1","왜고개성지, 왜고개, 성지, 교황, 교황방문"
"","7e1d46c2-486b-4b56-8f02-cb0f7703edcd","왜고개 성지","군종","서울시 용산구 용산동 5가 2-65","photokorea","7","제목=이름·종교어","","g6TbAa","왜고개성지","https://tong.visitkorea.or.kr/cms/resource_photo/84/1939184_image2_1.jpg","서울시","한국관광공사 김지호","Type1","왜고개성지, 왜고개, 성지, 교황, 교황방문"
"","7e1d46c2-486b-4b56-8f02-cb0f7703edcd","왜고개 성지","군종","서울시 용산구 용산동 5가 2-65","photokorea","7","제목=이름·종교어","","g6TbBa","왜고개성지","https://tong.visitkorea.or.kr/cms/resource_photo/85/1939185_image2_1.jpg","서울시","한국관광공사 김지호","Type1","왜고개성지, 왜고개, 성지, 교황, 교황방문"
"","7e1d46c2-486b-4b56-8f02-cb0f7703edcd","왜고개 성지","군종","서울시 용산구 용산동 5가 2-65","photokorea","7","제목=이름·종교어","","g6TbCa","왜고개성지","https://tong.visitkorea.or.kr/cms/resource_photo/86/1939186_image2_1.jpg","서울시","한국관광공사 김지호","Type1","왜고개성지, 왜고개, 성지, 교황, 교황방문"
"","7e1d46c2-486b-4b56-8f02-cb0f7703edcd","왜고개 성지","군종","서울시 용산구 용산동 5가 2-65","photokorea","7","제목=이름·종교어","","g6TbDa","왜고개성지","https://tong.visitkorea.or.kr/cms/resource_photo/87/1939187_image2_1.jpg","서울시","한국관광공사 김지호","Type1","왜고개성지, 왜고개, 성지, 교황, 교황방문"
"","7e1d46c2-486b-4b56-8f02-cb0f7703edcd","왜고개 성지","군종","서울시 용산구 용산동 5가 2-65","photokorea","7","제목=이름·종교어","","g6TbEa","왜고개성지","https://tong.visitkorea.or.kr/cms/resource_photo/88/1939188_image2_1.jpg","서울시","한국관광공사 김지호","Type1","왜고개성지, 왜고개, 성지, 교황, 교황방문"
"","7e1d46c2-486b-4b56-8f02-cb0f7703edcd","왜고개 성지","군종","서울시 용산구 용산동 5가 2-65","photokorea","7","제목=이름·종교어","","g6TbFa","왜고개성지","https://tong.visitkorea.or.kr/cms/resource_photo/89/1939189_image2_1.jpg","서울시","한국관광공사 김지호","Type1","왜고개성지, 왜고개, 성지, 교황, 교황방문"
"","7e1d46c2-486b-4b56-8f02-cb0f7703edcd","왜고개 성지","군종","서울시 용산구 용산동 5가 2-65","tourinfo","6","이름⊃제목·2km 안","0.54","2758125","왜고개","http://tong.visitkorea.or.kr/cms/resource/07/3542807_image2_1.jpg","서울특별시 용산구 한강대로40길 46 (용산동5가)","TourAPI 관광정보(contentTypeId 12)","","A02010900"
"","ad74fef5-1d7c-468e-a32c-03e551af7482","왜관 성 베네딕도 수도원","대구","경북 칠곡군 왜관읍 왜관수도원길 67","tourinfo","6","조각(왜관·베네딕도·수도원)·종교어","2.42","2514751","성베네딕도회 왜관수도원","https://tong.visitkorea.or.kr/cms/resource/42/4074442_image2_1.jpg","경상북도 칠곡군 왜관읍 관문로 61","TourAPI 관광정보(contentTypeId 12)","",""
"","933c7006-8bb5-4ff0-85d3-ac5146f47372","용수성지 (성 김대건 신부 제주 표착 기념관)","제주","제주특별자치도 제주시 한경면 용수리","tourinfo","9","제목=이름·종교어·2km 안","1.62","2765233","용수성지","http://tong.visitkorea.or.kr/cms/resource/00/3553800_image2_1.jpg","제주특별자치도 제주시 한경면 용수1길 108","TourAPI 관광정보(contentTypeId 12)","","A02010900"
"","933c7006-8bb5-4ff0-85d3-ac5146f47372","용수성지 (성 김대건 신부 제주 표착 기념관)","제주","제주특별자치도 제주시 한경면 용수리","tourinfo","8","조각(김대건·표착)·종교어·2km 안","1.62","2752772","성김대건신부표착기념관","http://tong.visitkorea.or.kr/cms/resource/88/3396988_image2_1.jpg","제주특별자치도 제주시 한경면 용수1길 108","TourAPI 관광정보(contentTypeId 14)","","A02060200"
"","933c7006-8bb5-4ff0-85d3-ac5146f47372","용수성지 (성 김대건 신부 제주 표착 기념관)","제주","제주특별자치도 제주시 한경면 용수리","tourinfo","6","조각(제주·용수)·2km 안","1.80","1839784","[제주올레 13코스] 용수-저지 올레","https://tong.visitkorea.or.kr/cms/resource/23/3554423_image2_1.jpg","제주특별자치도 제주시 한경면 용수리 4241-7","TourAPI 관광정보(contentTypeId 28)","",""
"","933c7006-8bb5-4ff0-85d3-ac5146f47372","용수성지 (성 김대건 신부 제주 표착 기념관)","제주","제주특별자치도 제주시 한경면 용수리","photokorea","6","조각(제주)·종교어·같은 시군(제주)","","0WMVma","협재해수욕장","https://tong.visitkorea.or.kr/cms/resource_photo/54/2004754_image2_1.jpg","제주도","한국관광공사 김지호","Type1","협재해수욕장, 협재해변, 제주해수욕장, 해수욕장, 해변, 비양도, 바다, 제주도, 웨딩드레스, 신부"
"","933c7006-8bb5-4ff0-85d3-ac5146f47372","용수성지 (성 김대건 신부 제주 표착 기념관)","제주","제주특별자치도 제주시 한경면 용수리","photokorea","6","조각(제주)·종교어·같은 시군(제주)","","EubxHa","방주교회","https://tong.visitkorea.or.kr/cms/resource_photo/33/1834433_image2_1.jpg","제주도","한국관광공사 박은경","Type1","제주도 방주교회"
"","933c7006-8bb5-4ff0-85d3-ac5146f47372","용수성지 (성 김대건 신부 제주 표착 기념관)","제주","제주특별자치도 제주시 한경면 용수리","photokorea","6","조각(제주)·종교어·같은 시군(제주)","","EubxIa","방주교회","https://tong.visitkorea.or.kr/cms/resource_photo/34/1834434_image2_1.jpg","제주도","한국관광공사 박은경","Type1","제주도 방주교회"
"","933c7006-8bb5-4ff0-85d3-ac5146f47372","용수성지 (성 김대건 신부 제주 표착 기념관)","제주","제주특별자치도 제주시 한경면 용수리","photokorea","6","조각(제주)·종교어·같은 시군(제주)","","M8l6Fa","소인국테마파크","https://tong.visitkorea.or.kr/cms/resource_photo/61/649061_image2_1.jpg","제주","한국관광공사, 김지호","Type1","소인국테마파크, 제주도, 제주특별자치도 서귀포시, 전시, 체험시설, 모형, 미니어쳐, 미니어처, 노틀담성당"
"","933c7006-8bb5-4ff0-85d3-ac5146f47372","용수성지 (성 김대건 신부 제주 표착 기념관)","제주","제주특별자치도 제주시 한경면 용수리","photokorea","6","조각(제주)·종교어·같은 시군(제주)","","TChbTa","소인국테마파크","https://tong.visitkorea.or.kr/cms/resource_photo/91/362891_image2_1.jpg","제주","한국관광공사 김지호","Type1","소인국테마파크, 제주특별자치도 서귀포시, 미니어처공원, 소형모형, 성당 건물"
"","933c7006-8bb5-4ff0-85d3-ac5146f47372","용수성지 (성 김대건 신부 제주 표착 기념관)","제주","제주특별자치도 제주시 한경면 용수리","photokorea","6","조각(제주)·종교어·같은 시군(제주)","","ccTtDa","마라도","https://tong.visitkorea.or.kr/cms/resource_photo/92/2514392_image2_1.jpg","제주특별자치도 서귀포시 대정읍","한국관광공사 김지호","Type1","마라도, 제주특별자치도 서귀포시, 제주도, 천연기념물 제423호, 섬, 마라도성당, 마라도 성당, 마라도등대, 마라도 등대"
"","933c7006-8bb5-4ff0-85d3-ac5146f47372","용수성지 (성 김대건 신부 제주 표착 기념관)","제주","제주특별자치도 제주시 한경면 용수리","photokorea","6","조각(제주)·종교어·같은 시군(제주)","","ccTtUa","마라도성당","https://tong.visitkorea.or.kr/cms/resource_photo/09/2514409_image2_1.jpg","제주특별자치도 서귀포시 대정읍","한국관광공사 김지호","Type1","마라도성당, 제주특별자치도 서귀포시, 제주도, 마라도 성당, 섬, 천연기념물 제423호, 바다"
"","933c7006-8bb5-4ff0-85d3-ac5146f47372","용수성지 (성 김대건 신부 제주 표착 기념관)","제주","제주특별자치도 제주시 한경면 용수리","photokorea","6","조각(제주)·종교어·같은 시군(제주)","","ccTtVa","마라도성당","https://tong.visitkorea.or.kr/cms/resource_photo/10/2514410_image2_1.jpg","제주특별자치도 서귀포시 대정읍","한국관광공사 김지호","Type1","마라도성당, 제주특별자치도 서귀포시, 제주도, 마라도 성당, 섬, 천연기념물 제423호"
"","933c7006-8bb5-4ff0-85d3-ac5146f47372","용수성지 (성 김대건 신부 제주 표착 기념관)","제주","제주특별자치도 제주시 한경면 용수리","photokorea","6","조각(제주)·종교어·같은 시군(제주)","","hDT4pa","마라도성당","https://tong.visitkorea.or.kr/cms/resource_photo/58/1937758_image2_1.jpg","제주도","한국관광공사 이범수","Type1","마라도성당, 제주도성지, 제주도성당, 마라도"
"","933c7006-8bb5-4ff0-85d3-ac5146f47372","용수성지 (성 김대건 신부 제주 표착 기념관)","제주","제주특별자치도 제주시 한경면 용수리","photokorea","6","조각(제주)·종교어·같은 시군(제주)","","hDT4va","마라도성당","https://tong.visitkorea.or.kr/cms/resource_photo/63/1937763_image2_1.jpg","제주도","한국관광공사 이범수","Type1","마라도성당, 제주도성지, 제주도성당, 마라도"
"","933c7006-8bb5-4ff0-85d3-ac5146f47372","용수성지 (성 김대건 신부 제주 표착 기념관)","제주","제주특별자치도 제주시 한경면 용수리","tourinfo","4","조각(제주·용수)","6.84","1839772","[제주올레 12코스] 무릉-용수 올레","https://tong.visitkorea.or.kr/cms/resource/96/3550396_image2_1.jpg","제주특별자치도 서귀포시 중산간서로 2852","TourAPI 관광정보(contentTypeId 28)","",""
"","4176ac92-3702-4f29-87ba-ea84985d4b59","울산 병영 순교성지","부산","울산시 중구 남외동 569","tourinfo","6","조각(울산)·500m 안","0.06","3305700","올리브영 울산병영점","https://tong.visitkorea.or.kr/cms/resource/93/4028893_image2_1.jpg","울산광역시 중구 남외로 92 (남외동)","TourAPI 관광정보(contentTypeId 38)","",""
"","4176ac92-3702-4f29-87ba-ea84985d4b59","울산 병영 순교성지","부산","울산시 중구 남외동 569","tourinfo","4","조각(울산)·2km 안","1.93","130522","울산북구문화예술회관","https://tong.visitkorea.or.kr/cms/resource/51/3077951_image2_1.bmp","울산광역시 북구 산업로 1000","TourAPI 관광정보(contentTypeId 14)","",""
"","4176ac92-3702-4f29-87ba-ea84985d4b59","울산 병영 순교성지","부산","울산시 중구 남외동 569","tourinfo","4","조각(울산)·2km 안","0.67","1624467","울산종합운동장","https://tong.visitkorea.or.kr/cms/resource/85/1588285_image2_1.jpg","울산광역시 중구 염포로 55","TourAPI 관광정보(contentTypeId 28)","",""
"","4176ac92-3702-4f29-87ba-ea84985d4b59","울산 병영 순교성지","부산","울산시 중구 남외동 569","tourinfo","4","조각(울산)·2km 안","0.97","2502653","울산 경상좌도병영성","https://tong.visitkorea.or.kr/cms/resource/70/3510570_image2_1.jpg","울산광역시 중구 서동","TourAPI 관광정보(contentTypeId 12)","",""
"","4176ac92-3702-4f29-87ba-ea84985d4b59","울산 병영 순교성지","부산","울산시 중구 남외동 569","tourinfo","4","조각(울산)·2km 안","1.19","2922989","홈플러스 메가 푸드 마켓 울산점","https://tong.visitkorea.or.kr/cms/resource/39/4019739_image2_1.jpg","울산광역시 중구 번영로 475 (복산동)","TourAPI 관광정보(contentTypeId 38)","",""
"","4176ac92-3702-4f29-87ba-ea84985d4b59","울산 병영 순교성지","부산","울산시 중구 남외동 569","tourinfo","4","조각(울산)·2km 안","1.14","2929289","신선도원몰 울산점","https://tong.visitkorea.or.kr/cms/resource/46/4017946_image2_1.jpg","울산광역시 북구 진장17길 10 (진장동)","TourAPI 관광정보(contentTypeId 38)","",""
"","4176ac92-3702-4f29-87ba-ea84985d4b59","울산 병영 순교성지","부산","울산시 중구 남외동 569","tourinfo","4","조각(울산)·2km 안","1.32","2929608","모다아울렛 울산점","https://tong.visitkorea.or.kr/cms/resource/52/4045852_image2_1.png","울산광역시 북구 진장유통로 78-6 (진장동)","TourAPI 관광정보(contentTypeId 38)","",""
"","4176ac92-3702-4f29-87ba-ea84985d4b59","울산 병영 순교성지","부산","울산시 중구 남외동 569","tourinfo","4","조각(울산)·2km 안","1.37","2931499","유니클로 울산 진장점","https://tong.visitkorea.or.kr/cms/resource/80/4019780_image2_1.jpg","울산광역시 북구 진장유통로 64 (진장동)","TourAPI 관광정보(contentTypeId 38)","",""
"","4176ac92-3702-4f29-87ba-ea84985d4b59","울산 병영 순교성지","부산","울산시 중구 남외동 569","tourinfo","4","조각(울산)·2km 안","1.19","3306515","올리브영 홈플러스 울산점","https://tong.visitkorea.or.kr/cms/resource/95/4028895_image2_1.jpg","울산광역시 중구 번영로 475 (복산동)","TourAPI 관광정보(contentTypeId 38)","",""
"","4176ac92-3702-4f29-87ba-ea84985d4b59","울산 병영 순교성지","부산","울산시 중구 남외동 569","tourinfo","4","조각(울산)·2km 안","1.14","4009475","올리브영 울산신선도원점","https://tong.visitkorea.or.kr/cms/resource/84/4028884_image2_1.png","울산광역시 북구 진장17길 10 (진장동)","TourAPI 관광정보(contentTypeId 38)","",""
"","cc1b6629-8de5-4abf-bdde-2bd951f1afd6","울산 장대 순교지","부산","울산광역시","tourinfo","6","조각(울산)·500m 안","0.28","4009471","올리브영 울산신정점","https://tong.visitkorea.or.kr/cms/resource/77/4028877_image2_1.jpg","울산광역시 남구 월평로 50 (신정동)","TourAPI 관광정보(contentTypeId 38)","",""
"","cc1b6629-8de5-4abf-bdde-2bd951f1afd6","울산 장대 순교지","부산","울산광역시","tourinfo","4","조각(울산)·2km 안","1.72","2933428","울산 성남동 눈꽃축제","http://tong.visitkorea.or.kr/cms/resource/64/3586264_image2_1.jpg","울산광역시 중구 젊음의거리 27-4 (성남동)","TourAPI 관광정보(contentTypeId 15)","","A02070200"
"","cc1b6629-8de5-4abf-bdde-2bd951f1afd6","울산 장대 순교지","부산","울산광역시","tourinfo","4","조각(울산)·2km 안","1.61","2927027","울산언양불고기","https://tong.visitkorea.or.kr/cms/resource/47/4056147_image2_1.jpg","울산광역시 남구 월평로 205 (삼산동)","TourAPI 관광정보(contentTypeId 39)","",""
"","cc1b6629-8de5-4abf-bdde-2bd951f1afd6","울산 장대 순교지","부산","울산광역시","tourinfo","4","조각(울산)·2km 안","1.86","127644","울산대공원","https://tong.visitkorea.or.kr/cms/resource/24/3072324_image2_1.jpg","울산광역시 남구 대공원로 94 (옥동)","TourAPI 관광정보(contentTypeId 12)","",""
"","cc1b6629-8de5-4abf-bdde-2bd951f1afd6","울산 장대 순교지","부산","울산광역시","tourinfo","4","조각(울산)·2km 안","1.37","128194","울산 태화사지 십이지상 사리탑","http://tong.visitkorea.or.kr/cms/resource/51/3072951_image2_1.jpg","울산광역시 남구 두왕로 277","TourAPI 관광정보(contentTypeId 12)","","A02050200"
"","cc1b6629-8de5-4abf-bdde-2bd951f1afd6","울산 장대 순교지","부산","울산광역시","tourinfo","4","조각(울산)·2km 안","1.35","129732","KBS 울산홀","https://tong.visitkorea.or.kr/cms/resource/65/3574965_image2_1.jpg","울산광역시 남구 번영로 212 (달동)","TourAPI 관광정보(contentTypeId 14)","",""
"","cc1b6629-8de5-4abf-bdde-2bd951f1afd6","울산 장대 순교지","부산","울산광역시","tourinfo","4","조각(울산)·2km 안","1.57","129813","울산남부도서관","https://tong.visitkorea.or.kr/cms/resource/32/3581332_image2_1.jpg","울산광역시 남구 거마로13번길 6","TourAPI 관광정보(contentTypeId 14)","",""
"","cc1b6629-8de5-4abf-bdde-2bd951f1afd6","울산 장대 순교지","부산","울산광역시","tourinfo","4","조각(울산)·2km 안","1.41","130396","울산광역시남구문화원","https://tong.visitkorea.or.kr/cms/resource/75/3510775_image2_1.jpg","울산광역시 남구 번영로 224","TourAPI 관광정보(contentTypeId 14)","",""
"","cc1b6629-8de5-4abf-bdde-2bd951f1afd6","울산 장대 순교지","부산","울산광역시","tourinfo","4","조각(울산)·2km 안","1.44","130524","울산문화예술회관","http://tong.visitkorea.or.kr/cms/resource/77/1587977_image2_1.jpg","울산광역시 남구 번영로 200","TourAPI 관광정보(contentTypeId 14)","","A02060600"
"","cc1b6629-8de5-4abf-bdde-2bd951f1afd6","울산 장대 순교지","부산","울산광역시","tourinfo","4","조각(울산)·2km 안","1.57","132796","울산 수암시장","https://tong.visitkorea.or.kr/cms/resource/39/3581939_image2_1.jpg","울산광역시 남구 수암로128번길 12 (야음동)","TourAPI 관광정보(contentTypeId 38)","",""
"","db51e1aa-4101-48a8-94db-bc10f3723464","은이 성지","수원","경기도 용인시 처인구","photokorea","9","제목=이름·종교어·같은 시군(용인)","","7EPTDa","은이성지","https://tong.visitkorea.or.kr/cms/resource_photo/38/1646838_image2_1.jpg","경기도 용인","한국관광공사 김지호","Type1","은이성지, 천주교"
"","db51e1aa-4101-48a8-94db-bc10f3723464","은이 성지","수원","경기도 용인시 처인구","photokorea","9","제목=이름·종교어·같은 시군(용인)","","7EPTFa","은이성지","https://tong.visitkorea.or.kr/cms/resource_photo/44/1646844_image2_1.jpg","경기도 용인","한국관광공사 김지호","Type1","은이성지, 천주교"
"","db51e1aa-4101-48a8-94db-bc10f3723464","은이 성지","수원","경기도 용인시 처인구","photokorea","9","제목=이름·종교어·같은 시군(용인)","","7EPTIa","은이성지","https://tong.visitkorea.or.kr/cms/resource_photo/48/1646848_image2_1.jpg","경기도 용인","한국관광공사 김지호","Type1","은이성지, 천주교"
"","db51e1aa-4101-48a8-94db-bc10f3723464","은이 성지","수원","경기도 용인시 처인구","photokorea","9","제목=이름·종교어·같은 시군(용인)","","7EPTLa","은이성지","https://tong.visitkorea.or.kr/cms/resource_photo/52/1646852_image2_1.jpg","경기도 용인","한국관광공사 김지호","Type1","은이성지, 천주교"
"","db51e1aa-4101-48a8-94db-bc10f3723464","은이 성지","수원","경기도 용인시 처인구","photokorea","9","제목=이름·종교어·같은 시군(용인)","","7EPTPa","은이성지","https://tong.visitkorea.or.kr/cms/resource_photo/67/1646867_image2_1.jpg","경기도 용인","한국관광공사 김지호","Type1","은이성지, 천주교"
"","db51e1aa-4101-48a8-94db-bc10f3723464","은이 성지","수원","경기도 용인시 처인구","photokorea","9","제목=이름·종교어·같은 시군(용인)","","7EPTTa","은이성지","https://tong.visitkorea.or.kr/cms/resource_photo/85/1646885_image2_1.jpg","경기도 용인","한국관광공사 김지호","Type1","은이성지, 천주교"
"","db51e1aa-4101-48a8-94db-bc10f3723464","은이 성지","수원","경기도 용인시 처인구","photokorea","9","제목=이름·종교어·같은 시군(용인)","","7EPTXa","은이성지","https://tong.visitkorea.or.kr/cms/resource_photo/91/1646891_image2_1.jpg","경기도 용인","한국관광공사 김지호","Type1","은이성지, 천주교"
"","db51e1aa-4101-48a8-94db-bc10f3723464","은이 성지","수원","경기도 용인시 처인구","photokorea","9","제목=이름·종교어·같은 시군(용인)","","7EPTYa","은이성지","https://tong.visitkorea.or.kr/cms/resource_photo/93/1646893_image2_1.jpg","경기도 용인","한국관광공사 김지호","Type1","은이성지, 천주교"
"","db51e1aa-4101-48a8-94db-bc10f3723464","은이 성지","수원","경기도 용인시 처인구","photokorea","9","제목=이름·종교어·같은 시군(용인)","","7EPTZa","은이성지","https://tong.visitkorea.or.kr/cms/resource_photo/95/1646895_image2_1.jpg","경기도 용인","한국관광공사 김지호","Type1","은이성지, 천주교"
"","db51e1aa-4101-48a8-94db-bc10f3723464","은이 성지","수원","경기도 용인시 처인구","photokorea","9","제목=이름·종교어·같은 시군(용인)","","GAOD3a","은이성지","https://tong.visitkorea.or.kr/cms/resource_photo/01/1646901_image2_1.jpg","경기도 용인","한국관광공사 김지호","Type1","은이성지, 천주교"
"","db51e1aa-4101-48a8-94db-bc10f3723464","은이 성지","수원","경기도 용인시 처인구","tourinfo","7","제목=이름·종교어","6.86","2395752","[경기옛길 영남길 제6길] 은이성지, 마애불길(양지면 남곡리~원삼면 독성리)","http://tong.visitkorea.or.kr/cms/resource/68/3383468_image2_1.jpg","경기도 용인시 처인구 양지면 남곡로 92","TourAPI 관광정보(contentTypeId 28)","","A03022700"
"","db51e1aa-4101-48a8-94db-bc10f3723464","은이 성지","수원","경기도 용인시 처인구","tourinfo","7","제목=이름·종교어","7.05","2612873","은이성지(청년 김대건길)","http://tong.visitkorea.or.kr/cms/resource/17/3559617_image2_1.jpg","경기도 용인시 처인구 양지면 은이로 182","TourAPI 관광정보(contentTypeId 12)","","A02010900"
"","5e4d123d-49ce-4900-a78e-af010cfef31b","음성 감곡면 매괴성당","청주","충북 음성군 감곡면","photokorea","6","조각(매괴)·종교어·같은 시군(음성)","","8louSa","감곡매괴성모순례지성당","https://tong.visitkorea.or.kr/cms/resource_photo/43/2007143_image2_1.jpg","충청북도 음성","한국관광공사 이범수","Type1","감곡매괴성모순례지성당, 음성 감곡매괴성모순례지성당, 감곡성당, 매괴성당, 성당, 음성, 철쭉"
"","5e4d123d-49ce-4900-a78e-af010cfef31b","음성 감곡면 매괴성당","청주","충북 음성군 감곡면","photokorea","6","조각(매괴)·종교어·같은 시군(음성)","","8louVa","감곡매괴성모순례지성당","https://tong.visitkorea.or.kr/cms/resource_photo/46/2007146_image2_1.jpg","충청북도 음성","한국관광공사 이범수","Type1","감곡매괴성모순례지성당, 음성 감곡매괴성모순례지성당, 감곡성당, 매괴성당, 성당, 음성, 철쭉"
"","5e4d123d-49ce-4900-a78e-af010cfef31b","음성 감곡면 매괴성당","청주","충북 음성군 감곡면","photokorea","6","조각(매괴)·종교어·같은 시군(음성)","","8louWa","감곡매괴성모순례지성당","https://tong.visitkorea.or.kr/cms/resource_photo/47/2007147_image2_1.jpg","충청북도 음성","한국관광공사 이범수","Type1","감곡매괴성모순례지성당, 음성 감곡매괴성모순례지성당, 감곡성당, 매괴성당, 성당, 음성, 철쭉"
"","5e4d123d-49ce-4900-a78e-af010cfef31b","음성 감곡면 매괴성당","청주","충북 음성군 감곡면","photokorea","6","조각(매괴)·종교어·같은 시군(음성)","","8louXa","감곡매괴성모순례지성당","https://tong.visitkorea.or.kr/cms/resource_photo/48/2007148_image2_1.jpg","충청북도 음성","한국관광공사 이범수","Type1","감곡매괴성모순례지성당, 음성 감곡매괴성모순례지성당, 감곡성당, 매괴성당, 성당, 음성, 성모마리아"
"","5e4d123d-49ce-4900-a78e-af010cfef31b","음성 감곡면 매괴성당","청주","충북 음성군 감곡면","photokorea","6","조각(매괴)·종교어·같은 시군(음성)","","8louYa","감곡매괴성모순례지성당","https://tong.visitkorea.or.kr/cms/resource_photo/49/2007149_image2_1.jpg","충청북도 음성","한국관광공사 이범수","Type1","감곡매괴성모순례지성당, 음성 감곡매괴성모순례지성당, 감곡성당, 매괴성당, 성당, 음성, 성모마리아"
"","5e4d123d-49ce-4900-a78e-af010cfef31b","음성 감곡면 매괴성당","청주","충북 음성군 감곡면","photokorea","6","조각(매괴)·종교어·같은 시군(음성)","","kVkt0a","감곡매괴성모순례지성당","https://tong.visitkorea.or.kr/cms/resource_photo/50/2007150_image2_1.jpg","충청북도 음성","한국관광공사 이범수","Type1","감곡매괴성모순례지성당, 음성 감곡매괴성모순례지성당, 감곡성당, 매괴성당, 성당, 음성, 성모마리아, 매괴박물관"
"","5e4d123d-49ce-4900-a78e-af010cfef31b","음성 감곡면 매괴성당","청주","충북 음성군 감곡면","photokorea","6","조각(매괴)·종교어·같은 시군(음성)","","kVkt1a","감곡매괴성모순례지성당","https://tong.visitkorea.or.kr/cms/resource_photo/51/2007151_image2_1.jpg","충청북도 음성","한국관광공사 이범수","Type1","감곡매괴성모순례지성당, 음성 감곡매괴성모순례지성당, 감곡성당, 매괴성당, 성당, 음성, 매괴박물관"
"","5e4d123d-49ce-4900-a78e-af010cfef31b","음성 감곡면 매괴성당","청주","충북 음성군 감곡면","photokorea","6","조각(매괴)·종교어·같은 시군(음성)","","kVkt2a","감곡매괴성모순례지성당","https://tong.visitkorea.or.kr/cms/resource_photo/52/2007152_image2_1.jpg","충청북도 음성","한국관광공사 이범수","Type1","감곡매괴성모순례지성당, 음성 감곡매괴성모순례지성당, 감곡성당, 매괴성당, 성당, 음성, 매괴박물관"
"","5e4d123d-49ce-4900-a78e-af010cfef31b","음성 감곡면 매괴성당","청주","충북 음성군 감곡면","photokorea","6","조각(매괴)·종교어·같은 시군(음성)","","kVkt3a","감곡매괴성모순례지성당","https://tong.visitkorea.or.kr/cms/resource_photo/53/2007153_image2_1.jpg","충청북도 음성","한국관광공사 이범수","Type1","감곡매괴성모순례지성당, 음성 감곡매괴성모순례지성당, 감곡성당, 매괴성당, 성당, 음성, 예수상"
"","5e4d123d-49ce-4900-a78e-af010cfef31b","음성 감곡면 매괴성당","청주","충북 음성군 감곡면","photokorea","6","조각(매괴)·종교어·같은 시군(음성)","","kVkt4a","감곡매괴성모순례지성당","https://tong.visitkorea.or.kr/cms/resource_photo/54/2007154_image2_1.jpg","충청북도 음성","한국관광공사 이범수","Type1","감곡매괴성모순례지성당, 음성 감곡매괴성모순례지성당, 감곡성당, 매괴성당, 성당, 음성, 성모마리아상"
"","5e4d123d-49ce-4900-a78e-af010cfef31b","음성 감곡면 매괴성당","청주","충북 음성군 감곡면","tourinfo","4","조각(매괴)·종교어","2.91","1114686","감곡매괴성모순례지성당","http://tong.visitkorea.or.kr/cms/resource/53/3576253_image2_1.jpg","충청북도 음성군 감곡면 성당길 10","TourAPI 관광정보(contentTypeId 12)","","A02010900"
"","9edab3f9-51b6-4094-9dfb-5c606e237e9f","인제 소양로 성당(내면)","춘천","강원특별자치도 인제군 남면 빙어마을길 196","tourinfo","4","조각(인제)·종교어","10.57","3072017","인제성당","https://tong.visitkorea.or.kr/cms/resource/70/3502670_image2_1.jpg","강원특별자치도 인제군 인제읍 인제로225번길 12","TourAPI 관광정보(contentTypeId 12)","",""
"","7812eec7-ea84-4572-99f9-c7d5daefbf92","전옥서 터","서울","서울시 종로구 서린동","tourinfo","6","종교어·500m 안","0.37","127015","대한성공회 서울주교좌성당","http://tong.visitkorea.or.kr/cms/resource/54/3568354_image2_1.jpg","서울특별시 중구 세종대로21길 15 (정동)","TourAPI 관광정보(contentTypeId 12)","","A02010900"
"","c9b75913-f657-4efd-a847-238be4d39ce8","정산 순교 성지","대전","충청남도 청양군 정산면 서정리 496-1 (정산면사무소 인근)","tourinfo","6","조각(정산)·500m 안","0.44","1627232","정산향교","http://tong.visitkorea.or.kr/cms/resource/47/3337647_image2_1.jpg","충청남도 청양군 정산면 서정향교1길 13","TourAPI 관광정보(contentTypeId 12)","","A02010700"
"","c9b75913-f657-4efd-a847-238be4d39ce8","정산 순교 성지","대전","충청남도 청양군 정산면 서정리 496-1 (정산면사무소 인근)","tourinfo","4","조각(정산)·2km 안","0.97","132039","정산시장","http://tong.visitkorea.or.kr/cms/resource/28/3531528_image2_1.jpg","충청남도 청양군 정산면 정현길 54","TourAPI 관광정보(contentTypeId 38)","","A04010100"
"","8d87ca6f-f31d-40d4-b25e-9a425aed0954","죽산 순교성지","수원","경기도 안성시 일죽면 죽림리","tourinfo","6","조각(죽산)·종교어·2km 안","1.07","127027","죽산성지(이진터성지)","http://tong.visitkorea.or.kr/cms/resource/14/3404714_image2_1.jpg","경기도 안성시 일죽면 종배길 115","TourAPI 관광정보(contentTypeId 12)","","A02010900"
"","8d87ca6f-f31d-40d4-b25e-9a425aed0954","죽산 순교성지","수원","경기도 안성시 일죽면 죽림리","tourinfo","4","조각(죽산)·종교어","3.07","2395755","[경기옛길 영남길 제9길] 죽산성지순례길(죽산면소재지 ~ 일죽면 금산리)","http://tong.visitkorea.or.kr/cms/resource/59/3393759_image2_1.jpg","경기도 안성시 죽산면 죽산초교길","TourAPI 관광정보(contentTypeId 28)","","A03022700"
"","bf2a2782-a4b8-4238-be8b-70f1ef6202ac","진무영 순교 성지","인천","인천시 강화군 강화읍 관청리 643 (강화 성당 내)","tourinfo","6","종교어·500m 안","0.25","128819","대한성공회 강화성당","http://tong.visitkorea.or.kr/cms/resource/05/3552305_image2_1.jpg","인천광역시 강화군 강화읍 관청길27번길 10","TourAPI 관광정보(contentTypeId 12)","","A02010900"
"","eef91372-92ee-4b31-9314-5e9cb92946e9","진산 성지","대전","충청남도 금산군 진산면 지방리 335-2","tourinfo","4","조각(진산)·2km 안","1.25","126869","진산향교","https://tong.visitkorea.or.kr/cms/resource/29/3338729_image2_1.jpg","충청남도 금산군 진산면 교촌1길 45-20","TourAPI 관광정보(contentTypeId 12)","",""
"","d55432d2-ae7b-4416-9f8d-9f14815e7328","천호성지","전주","전북 완주군 비봉면 천호성지길","tourinfo","11","제목=이름·종교어·500m 안","0.23","1935601","천호성지","https://tong.visitkorea.or.kr/cms/resource/20/3511720_image2_1.jpg","전북특별자치도 완주군 비봉면 천호성지길 124","TourAPI 관광정보(contentTypeId 12)","",""
"","d55432d2-ae7b-4416-9f8d-9f14815e7328","천호성지","전주","전북 완주군 비봉면 천호성지길","photokorea","9","제목=이름·종교어·같은 시군(완주)","","OfnaKa","천호성지","https://tong.visitkorea.or.kr/cms/resource_photo/01/2702501_image2_1.jpg","전라북도 완주군 비봉면","한국관광공사 김지호","Type1","천호성지, 전라북도 완주군, 종교, 천주교, 가톨릭"
"","d55432d2-ae7b-4416-9f8d-9f14815e7328","천호성지","전주","전북 완주군 비봉면 천호성지길","photokorea","9","제목=이름·종교어·같은 시군(완주)","","OfnaMa","천호성지","https://tong.visitkorea.or.kr/cms/resource_photo/03/2702503_image2_1.jpg","전라북도 완주군 비봉면","한국관광공사 김지호","Type1","천호성지, 전라북도 완주군, 종교, 천주교, 가톨릭"
"","d55432d2-ae7b-4416-9f8d-9f14815e7328","천호성지","전주","전북 완주군 비봉면 천호성지길","photokorea","9","제목=이름·종교어·같은 시군(완주)","","OfnaNa","천호성지","https://tong.visitkorea.or.kr/cms/resource_photo/04/2702504_image2_1.jpg","전라북도 완주군 비봉면","한국관광공사 김지호","Type1","천호성지, 전라북도 완주군, 종교, 천주교, 가톨릭"
"","d55432d2-ae7b-4416-9f8d-9f14815e7328","천호성지","전주","전북 완주군 비봉면 천호성지길","photokorea","9","제목=이름·종교어·같은 시군(완주)","","OfnaOa","천호성지","https://tong.visitkorea.or.kr/cms/resource_photo/05/2702505_image2_1.jpg","전라북도 완주군 비봉면","한국관광공사 김지호","Type1","천호성지, 전라북도 완주군, 종교, 천주교, 가톨릭"
"","d55432d2-ae7b-4416-9f8d-9f14815e7328","천호성지","전주","전북 완주군 비봉면 천호성지길","photokorea","9","제목=이름·종교어·같은 시군(완주)","","OfnaPa","천호성지","https://tong.visitkorea.or.kr/cms/resource_photo/06/2702506_image2_1.jpg","전라북도 완주군 비봉면","한국관광공사 김지호","Type1","천호성지, 전라북도 완주군, 종교, 천주교, 가톨릭"
"","d55432d2-ae7b-4416-9f8d-9f14815e7328","천호성지","전주","전북 완주군 비봉면 천호성지길","photokorea","9","제목=이름·종교어·같은 시군(완주)","","OfnaRa","천호성지","https://tong.visitkorea.or.kr/cms/resource_photo/08/2702508_image2_1.jpg","전라북도 완주군 비봉면","한국관광공사 김지호","Type1","천호성지, 전라북도 완주군, 종교, 천주교, 가톨릭"
"","d55432d2-ae7b-4416-9f8d-9f14815e7328","천호성지","전주","전북 완주군 비봉면 천호성지길","photokorea","9","제목=이름·종교어·같은 시군(완주)","","OfnaSa","천호성지","https://tong.visitkorea.or.kr/cms/resource_photo/09/2702509_image2_1.jpg","전라북도 완주군 비봉면","한국관광공사 김지호","Type1","천호성지, 전라북도 완주군, 종교, 천주교, 가톨릭, 드론촬영, 드론사진, 항공촬영"
"","d55432d2-ae7b-4416-9f8d-9f14815e7328","천호성지","전주","전북 완주군 비봉면 천호성지길","photokorea","9","제목=이름·종교어·같은 시군(완주)","","OfnaTa","천호성지","https://tong.visitkorea.or.kr/cms/resource_photo/10/2702510_image2_1.jpg","전라북도 완주군 비봉면","한국관광공사 김지호","Type1","천호성지, 전라북도 완주군, 종교, 천주교, 가톨릭, 드론촬영, 드론사진, 항공촬영"
"","d55432d2-ae7b-4416-9f8d-9f14815e7328","천호성지","전주","전북 완주군 비봉면 천호성지길","photokorea","9","제목=이름·종교어·같은 시군(완주)","","OfnaUa","천호성지","https://tong.visitkorea.or.kr/cms/resource_photo/11/2702511_image2_1.jpg","전라북도 완주군 비봉면","한국관광공사 김지호","Type1","천호성지, 전라북도 완주군, 종교, 천주교, 가톨릭, 드론촬영, 드론사진, 항공촬영"
"","d55432d2-ae7b-4416-9f8d-9f14815e7328","천호성지","전주","전북 완주군 비봉면 천호성지길","photokorea","9","제목=이름·종교어·같은 시군(완주)","","OfnaVa","천호성지","https://tong.visitkorea.or.kr/cms/resource_photo/12/2702512_image2_1.jpg","전라북도 완주군 비봉면","한국관광공사 김지호","Type1","천호성지, 전라북도 완주군, 종교, 천주교, 가톨릭, 드론촬영, 드론사진, 항공촬영"
"","586807a3-3a63-4b89-b99d-fd994dd6d5fa","초남이 성지","전주","전북 전주시 완산구 (바우배기)","photokorea","7","제목=이름·종교어","","aCyV6a","초남이성지","https://tong.visitkorea.or.kr/cms/resource_photo/23/2702523_image2_1.jpg","전라북도 완주군 이서면","한국관광공사 김지호","Type1","초남이성지, 전라북도 완주군, 종교, 천주교, 가톨릭"
"","586807a3-3a63-4b89-b99d-fd994dd6d5fa","초남이 성지","전주","전북 전주시 완산구 (바우배기)","photokorea","7","제목=이름·종교어","","aCyV7a","초남이성지","https://tong.visitkorea.or.kr/cms/resource_photo/24/2702524_image2_1.jpg","전라북도 완주군 이서면","한국관광공사 김지호","Type1","초남이성지, 전라북도 완주군, 종교, 천주교, 가톨릭"
"","586807a3-3a63-4b89-b99d-fd994dd6d5fa","초남이 성지","전주","전북 전주시 완산구 (바우배기)","photokorea","7","제목=이름·종교어","","aCyV8a","초남이성지","https://tong.visitkorea.or.kr/cms/resource_photo/25/2702525_image2_1.jpg","전라북도 완주군 이서면","한국관광공사 김지호","Type1","초남이성지, 전라북도 완주군, 종교, 천주교, 가톨릭"
"","586807a3-3a63-4b89-b99d-fd994dd6d5fa","초남이 성지","전주","전북 전주시 완산구 (바우배기)","photokorea","7","제목=이름·종교어","","aCyV9a","초남이성지","https://tong.visitkorea.or.kr/cms/resource_photo/26/2702526_image2_1.jpg","전라북도 완주군 이서면","한국관광공사 김지호","Type1","초남이성지, 전라북도 완주군, 종교, 천주교, 가톨릭, 드론촬영, 드론사진, 항공촬영"
"","586807a3-3a63-4b89-b99d-fd994dd6d5fa","초남이 성지","전주","전북 전주시 완산구 (바우배기)","photokorea","7","제목=이름·종교어","","aCyVaa","초남이성지","https://tong.visitkorea.or.kr/cms/resource_photo/27/2702527_image2_1.jpg","전라북도 완주군 이서면","한국관광공사 김지호","Type1","초남이성지, 전라북도 완주군, 종교, 천주교, 가톨릭, 드론촬영, 드론사진, 항공촬영"
"","586807a3-3a63-4b89-b99d-fd994dd6d5fa","초남이 성지","전주","전북 전주시 완산구 (바우배기)","photokorea","7","제목=이름·종교어","","aCyVba","초남이성지","https://tong.visitkorea.or.kr/cms/resource_photo/28/2702528_image2_1.jpg","전라북도 완주군 이서면","한국관광공사 김지호","Type1","초남이성지, 전라북도 완주군, 종교, 천주교, 가톨릭, 드론촬영, 드론사진, 항공촬영"
"","586807a3-3a63-4b89-b99d-fd994dd6d5fa","초남이 성지","전주","전북 전주시 완산구 (바우배기)","photokorea","7","제목=이름·종교어","","aCyVca","초남이성지","https://tong.visitkorea.or.kr/cms/resource_photo/29/2702529_image2_1.jpg","전라북도 완주군 이서면","한국관광공사 김지호","Type1","초남이성지, 전라북도 완주군, 종교, 천주교, 가톨릭, 드론촬영, 드론사진, 항공촬영"
"","c4784db9-f32b-433e-b40c-6935a1c6cfd2","춘천교구 주교관과 교육원","춘천","강원도 춘천시 죽림동 (주교좌성당 인근)","tourinfo","6","종교어·500m 안","0.11","2787556","죽림동성당","https://tong.visitkorea.or.kr/cms/resource/10/3562210_image2_1.jpg","강원특별자치도 춘천시 약사고개길 23","TourAPI 관광정보(contentTypeId 12)","",""
"","fdc2adf3-16b6-4a79-9321-8bf1427aad56","충주 숲거리 순교 성지","청주","충청북도 충주시 문화동 552 (문화동 544~봉방동 11-1 일대)","tourinfo","6","조각(충주)·500m 안","0.50","1690303","충주시택견원","http://tong.visitkorea.or.kr/cms/resource/39/3560439_image2_1.JPG","충청북도 충주시 중원대로 3326 (호암동)","TourAPI 관광정보(contentTypeId 14)","","A02061100"
"","fdc2adf3-16b6-4a79-9321-8bf1427aad56","충주 숲거리 순교 성지","청주","충청북도 충주시 문화동 552 (문화동 544~봉방동 11-1 일대)","tourinfo","4","조각(충주)·2km 안","1.14","130758","충주시립도서관","http://tong.visitkorea.or.kr/cms/resource/73/3347573_image2_1.JPG","충청북도 충주시 예성로 207","TourAPI 관광정보(contentTypeId 14)","","A02060900"
"","fdc2adf3-16b6-4a79-9321-8bf1427aad56","충주 숲거리 순교 성지","청주","충청북도 충주시 문화동 552 (문화동 544~봉방동 11-1 일대)","tourinfo","4","조각(충주)·2km 안","0.91","132779","충주 풍물시장","https://tong.visitkorea.or.kr/cms/resource/17/3505017_image2_1.jpg","충청북도 충주시 충인1길 22","TourAPI 관광정보(contentTypeId 38)","",""
"","fdc2adf3-16b6-4a79-9321-8bf1427aad56","충주 숲거리 순교 성지","청주","충청북도 충주시 문화동 552 (문화동 544~봉방동 11-1 일대)","tourinfo","4","조각(충주)·2km 안","0.70","143161","충주그랜드관광호텔","https://tong.visitkorea.or.kr/cms/resource/37/1338437_image2_1.jpg","충청북도 충주시 중원대로 3496","TourAPI 관광정보(contentTypeId 32)","",""
"","fdc2adf3-16b6-4a79-9321-8bf1427aad56","충주 숲거리 순교 성지","청주","충청북도 충주시 문화동 552 (문화동 544~봉방동 11-1 일대)","tourinfo","4","조각(충주)·2km 안","1.51","1627220","충주향교","http://tong.visitkorea.or.kr/cms/resource/92/3349692_image2_1.JPG","충청북도 충주시 교동9길 1 (교현동)","TourAPI 관광정보(contentTypeId 12)","","A02010700"
"","fdc2adf3-16b6-4a79-9321-8bf1427aad56","충주 숲거리 순교 성지","청주","충청북도 충주시 문화동 552 (문화동 544~봉방동 11-1 일대)","tourinfo","4","조각(충주)·2km 안","1.16","1627247","충주 제금당","http://tong.visitkorea.or.kr/cms/resource/78/3349878_image2_1.JPG","충청북도 충주시 관아1길 21","TourAPI 관광정보(contentTypeId 12)","","A02010100"
"","fdc2adf3-16b6-4a79-9321-8bf1427aad56","충주 숲거리 순교 성지","청주","충청북도 충주시 문화동 552 (문화동 544~봉방동 11-1 일대)","tourinfo","4","조각(충주)·2km 안","1.15","1690248","충주 청녕헌","http://tong.visitkorea.or.kr/cms/resource/42/3063542_image2_1.JPG","충청북도 충주시 관아1길 21","TourAPI 관광정보(contentTypeId 12)","","A02010100"
"","fdc2adf3-16b6-4a79-9321-8bf1427aad56","충주 숲거리 순교 성지","청주","충청북도 충주시 문화동 552 (문화동 544~봉방동 11-1 일대)","tourinfo","4","조각(충주)·2km 안","0.87","1906815","충주 자유시장","http://tong.visitkorea.or.kr/cms/resource/32/3560532_image2_1.JPG","충청북도 충주시 충인6길 16 (충의동)","TourAPI 관광정보(contentTypeId 38)","","A04010200"
"","fdc2adf3-16b6-4a79-9321-8bf1427aad56","충주 숲거리 순교 성지","청주","충청북도 충주시 문화동 552 (문화동 544~봉방동 11-1 일대)","tourinfo","4","조각(충주)·2km 안","0.74","1961503","충주공설시장","https://tong.visitkorea.or.kr/cms/resource/03/1959803_image2_1.jpg","충청북도 충주시 충의동","TourAPI 관광정보(contentTypeId 38)","",""
"","fdc2adf3-16b6-4a79-9321-8bf1427aad56","충주 숲거리 순교 성지","청주","충청북도 충주시 문화동 552 (문화동 544~봉방동 11-1 일대)","tourinfo","4","조각(충주)·2km 안","1.15","2434855","충주 관아공원","http://tong.visitkorea.or.kr/cms/resource/24/3561224_image2_1.JPG","충청북도 충주시 관아1길 21","TourAPI 관광정보(contentTypeId 12)","","A02010100"
"","0e16c2ac-8f78-4b16-9059-b69041e3c96e","치명자산 성지","전주","전북 전주시 완산구 교동 승암산(치명자산) 정상","tourinfo","7","제목=이름·종교어","4.12","127611","치명자산성지","http://tong.visitkorea.or.kr/cms/resource/04/3529504_image2_1.jpg","전북특별자치도 전주시 완산구 바람쐬는길 87 (대성동)","TourAPI 관광정보(contentTypeId 12)","","A02010900"
"","7e079f9c-a689-4414-9102-f1883fb18b6b","통영 김기량 순교지(통제영 옥터)","마산","경남 통영시 문화동 세병로 일대 (통제영 옥터)","tourinfo","8","조각(통제영·통영)·500m 안","0.19","231923","통영 삼도수군통제영","https://tong.visitkorea.or.kr/cms/resource/24/4081224_image2_1.jpg","경상남도 통영시 세병로 27 (문화동)","TourAPI 관광정보(contentTypeId 12)","",""
"","7e079f9c-a689-4414-9102-f1883fb18b6b","통영 김기량 순교지(통제영 옥터)","마산","경남 통영시 문화동 세병로 일대 (통제영 옥터)","tourinfo","6","조각(통영)·500m 안","0.13","126198","통영 세병관","http://tong.visitkorea.or.kr/cms/resource/66/3580566_image2_1.jpg","경상남도 통영시 세병로 27","TourAPI 관광정보(contentTypeId 12)","","A02010100"
"","7e079f9c-a689-4414-9102-f1883fb18b6b","통영 김기량 순교지(통제영 옥터)","마산","경남 통영시 문화동 세병로 일대 (통제영 옥터)","tourinfo","6","조각(통영)·500m 안","0.23","250313","통영 문화동 벅수","http://tong.visitkorea.or.kr/cms/resource/20/3558120_image2_1.jpg","경상남도 통영시 문화동","TourAPI 관광정보(contentTypeId 12)","","A02010700"
"","7e079f9c-a689-4414-9102-f1883fb18b6b","통영 김기량 순교지(통제영 옥터)","마산","경남 통영시 문화동 세병로 일대 (통제영 옥터)","tourinfo","6","조각(통영)·500m 안","0.46","2611147","통영항 꿀빵거리","http://tong.visitkorea.or.kr/cms/resource/98/3348598_image2_1.jpg","경상남도 통영시 중앙동","TourAPI 관광정보(contentTypeId 12)","","A02030600"
"","7e079f9c-a689-4414-9102-f1883fb18b6b","통영 김기량 순교지(통제영 옥터)","마산","경남 통영시 문화동 세병로 일대 (통제영 옥터)","tourinfo","6","조각(통영)·500m 안","0.49","3575632","통영 명정(정당샘)","https://tong.visitkorea.or.kr/cms/resource/02/3575602_image2_1.jpg","경상남도 통영시 충렬로 49 (명정동)","TourAPI 관광정보(contentTypeId 12)","",""
"","7e079f9c-a689-4414-9102-f1883fb18b6b","통영 김기량 순교지(통제영 옥터)","마산","경남 통영시 문화동 세병로 일대 (통제영 옥터)","tourinfo","6","조각(통영)·500m 안","0.40","584712","통영중앙전통시장","http://tong.visitkorea.or.kr/cms/resource/67/3523867_image2_1.jpg","경상남도 통영시 중앙시장1길 14-16","TourAPI 관광정보(contentTypeId 38)","","A04010200"
"","7e079f9c-a689-4414-9102-f1883fb18b6b","통영 김기량 순교지(통제영 옥터)","마산","경남 통영시 문화동 세병로 일대 (통제영 옥터)","photokorea","6","조각(통영)·종교어·같은 시군(통영)","","fsgYxs","당포성지 및 당포대첩지","https://tong.visitkorea.or.kr/cms/resource_photo/41/3100341_image2_1.jpg","경상남도 통영시 산양읍","황성훈","Type1","당포성지 및 당포대첩지, 경상남도 통영시, 성터, 성곽, 바다, 드론촬영, 드론사진, 항공촬영, 11월 버킷, 11월 추천여행지, 사진기자단, 프레임코리아1기"
"","7e079f9c-a689-4414-9102-f1883fb18b6b","통영 김기량 순교지(통제영 옥터)","마산","경남 통영시 문화동 세병로 일대 (통제영 옥터)","photokorea","6","조각(통영)·종교어·같은 시군(통영)","","nrgSYT","당포성지 및 당포대첩지","https://tong.visitkorea.or.kr/cms/resource_photo/46/3100346_image2_1.jpg","경상남도 통영시 산양읍","황성훈","Type1","당포성지 및 당포대첩지, 경상남도 통영시, 성터, 성곽, 바다, 드론촬영, 드론사진, 항공촬영, 11월 버킷, 11월 추천여행지, 사진기자단, 프레임코리아1기"
"","7e079f9c-a689-4414-9102-f1883fb18b6b","통영 김기량 순교지(통제영 옥터)","마산","경남 통영시 문화동 세병로 일대 (통제영 옥터)","photokorea","6","조각(통영)·종교어·같은 시군(통영)","","tCTIey","당포성지 및 당포대첩지","https://tong.visitkorea.or.kr/cms/resource_photo/48/3100348_image2_1.jpg","경상남도 통영시 산양읍","황성훈","Type1","당포성지 및 당포대첩지, 경상남도 통영시, 성터, 성곽, 바다, 드론촬영, 드론사진, 항공촬영, 11월 버킷, 11월 추천여행지, 사진기자단, 프레임코리아1기"
"","7e079f9c-a689-4414-9102-f1883fb18b6b","통영 김기량 순교지(통제영 옥터)","마산","경남 통영시 문화동 세병로 일대 (통제영 옥터)","tourinfo","4","조각(통영)·2km 안","0.85","1824778","제18회 통영연극예술축제","https://tong.visitkorea.or.kr/cms/resource/82/4070082_image2_1.jpg","경상남도 통영시 남망공원길 29 (동호동)","TourAPI 관광정보(contentTypeId 15)","",""
"","7e079f9c-a689-4414-9102-f1883fb18b6b","통영 김기량 순교지(통제영 옥터)","마산","경남 통영시 문화동 세병로 일대 (통제영 옥터)","tourinfo","4","조각(통영)·2km 안","1.73","127097","통영 착량묘","http://tong.visitkorea.or.kr/cms/resource/75/3557875_image2_1.jpg","경상남도 통영시 착량길 27","TourAPI 관광정보(contentTypeId 12)","","A02010700"
"","7e079f9c-a689-4414-9102-f1883fb18b6b","통영 김기량 순교지(통제영 옥터)","마산","경남 통영시 문화동 세병로 일대 (통제영 옥터)","tourinfo","4","조각(통영)·2km 안","0.85","130139","통영시 시민문화회관","http://tong.visitkorea.or.kr/cms/resource/20/3573420_image2_1.jpg","경상남도 통영시 남망공원길 29 (동호동)","TourAPI 관광정보(contentTypeId 14)","","A02060600"
"","7e079f9c-a689-4414-9102-f1883fb18b6b","통영 김기량 순교지(통제영 옥터)","마산","경남 통영시 문화동 세병로 일대 (통제영 옥터)","tourinfo","4","조각(통영)·2km 안","0.98","1304613","통영항","https://tong.visitkorea.or.kr/cms/resource/52/3556852_image2_1.jpg","경상남도 통영시 통영해안로 234","TourAPI 관광정보(contentTypeId 12)","",""
"","49b8f28e-09d0-46b5-af3b-7e26ecf02844","포천 순교 성지","춘천","경기도 포천시 군내면 구읍리 723-3","tourinfo","4","조각(포천)·2km 안","1.28","1030591","포천힐스컨트리클럽","http://tong.visitkorea.or.kr/cms/resource/07/3565707_image2_1.jpg","경기도 포천시 군내면 반월산성로375번길 34","TourAPI 관광정보(contentTypeId 28)","","A03020700"
"","49b8f28e-09d0-46b5-af3b-7e26ecf02844","포천 순교 성지","춘천","경기도 포천시 군내면 구읍리 723-3","tourinfo","4","조각(포천)·2km 안","1.67","2853358","포천버섯육개장","http://tong.visitkorea.or.kr/cms/resource/55/2853355_image2_1.jpg","경기도 포천시 청군로 3351","TourAPI 관광정보(contentTypeId 39)","","A05020100"
"","49b8f28e-09d0-46b5-af3b-7e26ecf02844","포천 순교 성지","춘천","경기도 포천시 군내면 구읍리 723-3","tourinfo","4","조각(포천)·2km 안","1.65","2853651","포천뚝배기","http://tong.visitkorea.or.kr/cms/resource/43/2853643_image2_1.jpg","경기도 포천시 군내면 청군로 3348","TourAPI 관광정보(contentTypeId 39)","","A05020100"
"","49b8f28e-09d0-46b5-af3b-7e26ecf02844","포천 순교 성지","춘천","경기도 포천시 군내면 구읍리 723-3","tourinfo","4","조각(포천)·2km 안","1.89","798265","포천 반월성","https://tong.visitkorea.or.kr/cms/resource/62/3529262_image2_1.jpg","경기도 포천시 청군로3290번길 19","TourAPI 관광정보(contentTypeId 12)","",""
"","3c5c55a8-c994-4d95-882c-19ab96beb26c","한티 순교성지","대구","경북 칠곡군 동명면 한티로 1","photokorea","9","제목=이름·종교어·같은 시군(칠곡)","","2JpbAa","한티순교성지","https://tong.visitkorea.or.kr/cms/resource_photo/70/1054170_image2_1.jpg","경상북도 칠곡군","한국관광공사 박성근","Type1","한티순교성지 성지안내"
"","3c5c55a8-c994-4d95-882c-19ab96beb26c","한티 순교성지","대구","경북 칠곡군 동명면 한티로 1","photokorea","9","제목=이름·종교어·같은 시군(칠곡)","","2JpbEa","한티순교성지","https://tong.visitkorea.or.kr/cms/resource_photo/78/1054178_image2_1.jpg","경상북도 칠곡군","한국관광공사 박성근","Type1","한티순교성지 "
"","3c5c55a8-c994-4d95-882c-19ab96beb26c","한티 순교성지","대구","경북 칠곡군 동명면 한티로 1","photokorea","9","제목=이름·종교어·같은 시군(칠곡)","","2JpbKa","한티순교성지","https://tong.visitkorea.or.kr/cms/resource_photo/88/1054188_image2_1.jpg","경상북도 칠곡군","한국관광공사 박성근","Type1","한티순교성지, 십자가의 길"
"","3c5c55a8-c994-4d95-882c-19ab96beb26c","한티 순교성지","대구","경북 칠곡군 동명면 한티로 1","photokorea","9","제목=이름·종교어·같은 시군(칠곡)","","2Jpbta","한티순교성지","https://tong.visitkorea.or.kr/cms/resource_photo/56/1054156_image2_1.jpg","경상북도 칠곡군","한국관광공사 박성근","Type1","한티순교성지 안내문"
"","3c5c55a8-c994-4d95-882c-19ab96beb26c","한티 순교성지","대구","경북 칠곡군 동명면 한티로 1","photokorea","9","제목=이름·종교어·같은 시군(칠곡)","","2Jpbxa","한티순교성지","https://tong.visitkorea.or.kr/cms/resource_photo/65/1054165_image2_1.jpg","경상북도 칠곡군","한국관광공사 박성근","Type1","한티순교성지 순교자묘역"
"","3c5c55a8-c994-4d95-882c-19ab96beb26c","한티 순교성지","대구","경북 칠곡군 동명면 한티로 1","photokorea","9","제목=이름·종교어·같은 시군(칠곡)","","Y5kk2a","한티순교성지","https://tong.visitkorea.or.kr/cms/resource_photo/78/1054378_image2_1.jpg","경상북도 칠곡군","한국관광공사 박성근","Type1","한티순교성지, 피정의 집"
"","3c5c55a8-c994-4d95-882c-19ab96beb26c","한티 순교성지","대구","경북 칠곡군 동명면 한티로 1","photokorea","9","제목=이름·종교어·같은 시군(칠곡)","","Y5kk7a","한티순교성지","https://tong.visitkorea.or.kr/cms/resource_photo/83/1054383_image2_1.jpg","경상북도 칠곡군","한국관광공사 박성근","Type1","한티순교성지 표지석"
"","3c5c55a8-c994-4d95-882c-19ab96beb26c","한티 순교성지","대구","경북 칠곡군 동명면 한티로 1","photokorea","9","제목=이름·종교어·같은 시군(칠곡)","","gaPK2a","한티순교성지","https://tong.visitkorea.or.kr/cms/resource_photo/98/1054298_image2_1.jpg","경상북도 칠곡군","한국관광공사 박성근","Type1","한티순교성지 옛공소"
"","3c5c55a8-c994-4d95-882c-19ab96beb26c","한티 순교성지","대구","경북 칠곡군 동명면 한티로 1","photokorea","9","제목=이름·종교어·같은 시군(칠곡)","","gaPK7a","한티순교성지","https://tong.visitkorea.or.kr/cms/resource_photo/04/1054304_image2_1.jpg","경상북도 칠곡군","한국관광공사 박성근","Type1","한티순교성지 옛공소"
"","3c5c55a8-c994-4d95-882c-19ab96beb26c","한티 순교성지","대구","경북 칠곡군 동명면 한티로 1","photokorea","9","제목=이름·종교어·같은 시군(칠곡)","","gaPKAa","한티순교성지","https://tong.visitkorea.or.kr/cms/resource_photo/36/1054336_image2_1.jpg","경상북도 칠곡군","한국관광공사 박성근","Type1","한티순교성지 순례자의 집"
"","3c5c55a8-c994-4d95-882c-19ab96beb26c","한티 순교성지","대구","경북 칠곡군 동명면 한티로 1","tourinfo","7","제목=이름·종교어","5.92","1935320","한티 순교성지","https://tong.visitkorea.or.kr/cms/resource/20/3490520_image2_1.jpg","경상북도 칠곡군 동명면 한티로1길 69","TourAPI 관광정보(contentTypeId 12)","",""
"","2adae09e-5177-44b3-898c-0b130373bb40","홍천 성당","춘천","강원도 홍천군 홍천읍 희망리 105","tourinfo","6","조각(홍천)·500m 안","0.25","132272","홍천 중앙시장 (1,6일)","http://tong.visitkorea.or.kr/cms/resource/48/2770048_image2_1.jpg","강원특별자치도 홍천군 홍천읍 홍천로8길 17","TourAPI 관광정보(contentTypeId 38)","","A04010100"
"","2adae09e-5177-44b3-898c-0b130373bb40","홍천 성당","춘천","강원도 홍천군 홍천읍 희망리 105","tourinfo","6","조각(홍천)·500m 안","0.27","1626209","홍천교육도서관","http://tong.visitkorea.or.kr/cms/resource/77/1583777_image2_1.jpg","강원특별자치도 홍천군 홍천읍 꽃뫼로 93","TourAPI 관광정보(contentTypeId 14)","","A02060900"
"","2adae09e-5177-44b3-898c-0b130373bb40","홍천 성당","춘천","강원도 홍천군 홍천읍 희망리 105","tourinfo","6","조각(홍천)·500m 안","0.25","1769697","홍천강 꽁꽁축제","http://tong.visitkorea.or.kr/cms/resource/12/3580712_image2_1.JPG","강원특별자치도 홍천군 홍천읍 갈마곡리","TourAPI 관광정보(contentTypeId 15)","","A02070200"
"","2adae09e-5177-44b3-898c-0b130373bb40","홍천 성당","춘천","강원도 홍천군 홍천읍 희망리 105","tourinfo","6","조각(홍천)·500m 안","0.37","4010385","롯데하이마트 홍천점","https://tong.visitkorea.or.kr/cms/resource/27/4042327_image2_1.JPG","강원특별자치도 홍천군 홍천읍 홍천로 316","TourAPI 관광정보(contentTypeId 38)","",""
"","2adae09e-5177-44b3-898c-0b130373bb40","홍천 성당","춘천","강원도 홍천군 홍천읍 희망리 105","tourinfo","4","조각(홍천)·2km 안","1.37","125734","홍천 무궁화공원","http://tong.visitkorea.or.kr/cms/resource/31/3043031_image2_1.jpg","강원특별자치도 홍천군 홍천읍 장전평로 18","TourAPI 관광정보(contentTypeId 12)","","A02020700"
"","2adae09e-5177-44b3-898c-0b130373bb40","홍천 성당","춘천","강원도 홍천군 홍천읍 희망리 105","tourinfo","4","조각(홍천)·2km 안","0.78","140833","홍천 찰옥수수 축제","https://tong.visitkorea.or.kr/cms/resource/14/4108014_image2_1.jpg","강원 홍천군 홍천읍 갈마곡리 501","TourAPI 관광정보(contentTypeId 15)","",""
"","2adae09e-5177-44b3-898c-0b130373bb40","홍천 성당","춘천","강원도 홍천군 홍천읍 희망리 105","tourinfo","4","조각(홍천)·2km 안","0.98","1722441","홍천문화예술회관","http://tong.visitkorea.or.kr/cms/resource/34/3021034_image2_1.jpg","강원특별자치도 홍천군 홍천읍 설악로 1792","TourAPI 관광정보(contentTypeId 14)","","A02060600"
"","2adae09e-5177-44b3-898c-0b130373bb40","홍천 성당","춘천","강원도 홍천군 홍천읍 희망리 105","tourinfo","4","조각(홍천)·2km 안","0.77","2539802","홍천강 별빛음악 맥주축제","https://tong.visitkorea.or.kr/cms/resource/45/4108045_image2_1.jpg","강원특별자치도 홍천군 홍천읍 갈마곡리","TourAPI 관광정보(contentTypeId 15)","",""
"","2adae09e-5177-44b3-898c-0b130373bb40","홍천 성당","춘천","강원도 홍천군 홍천읍 희망리 105","tourinfo","4","조각(홍천)·2km 안","0.78","2597638","홍천 산나물축제","https://tong.visitkorea.or.kr/cms/resource/99/3301599_image2_1.jpg","강원특별자치도 홍천군 홍천읍 갈마곡리 501","TourAPI 관광정보(contentTypeId 15)","",""
"","2adae09e-5177-44b3-898c-0b130373bb40","홍천 성당","춘천","강원도 홍천군 홍천읍 희망리 105","tourinfo","4","조각(홍천)·2km 안","0.79","2873042","홍천 사과축제","http://tong.visitkorea.or.kr/cms/resource/55/3561055_image2_1.jpg","강원특별자치도 홍천군 홍천읍 갈마곡리","TourAPI 관광정보(contentTypeId 15)","","A02070200"
"","d8b49c3c-d4f9-4b04-805d-4d9a575d877d","황사영 순교순례지","의정부","경기도 양주시 장흥면 부곱리 일대 (홍복산)","tourinfo","4","조각(황사영)·종교어","4.15","127018","순교자 황사영 알렉시오 묘","http://tong.visitkorea.or.kr/cms/resource/06/3541606_image2_1.jpg","경기도 양주시 장흥면 부곡리","TourAPI 관광정보(contentTypeId 12)","","A02010700"
"","751e12ce-fa81-4bd0-87e5-2f3af28848d0","황새바위 순교성지","대전","충남 공주시 왕릉로 118","tourinfo","9","제목=이름·종교어·2km 안","0.95","127240","공주 황새바위 순교성지","http://tong.visitkorea.or.kr/cms/resource/84/3390284_image2_1.JPG","충청남도 공주시 왕릉로 118 (금성동)","TourAPI 관광정보(contentTypeId 12)","","A02010900"
"","751e12ce-fa81-4bd0-87e5-2f3af28848d0","황새바위 순교성지","대전","충남 공주시 왕릉로 118","photokorea","6","조각(황새바위)·종교어·같은 시군(공주)","","Gs900a","황새바위성지","https://tong.visitkorea.or.kr/cms/resource_photo/60/745160_image2_1.jpg","충청남도 공주","한국관광공사 전형준","Type1","황새바위성지, 충청남도 공주, 황새바위 천주교 순교지, 무덤경당, 잔디, 나무"
"","751e12ce-fa81-4bd0-87e5-2f3af28848d0","황새바위 순교성지","대전","충남 공주시 왕릉로 118","photokorea","6","조각(황새바위)·종교어·같은 시군(공주)","","Gs903a","황새바위성지","https://tong.visitkorea.or.kr/cms/resource_photo/64/745164_image2_1.jpg","충청남도 공주","한국관광공사 전형준","Type1","황새바위성지, 충청남도 공주, 황새바위 천주교 순교지, 순교탑 안내문"
"","751e12ce-fa81-4bd0-87e5-2f3af28848d0","황새바위 순교성지","대전","충남 공주시 왕릉로 118","photokorea","6","조각(황새바위)·종교어·같은 시군(공주)","","Gs904a","황새바위성지","https://tong.visitkorea.or.kr/cms/resource_photo/65/745165_image2_1.jpg","충청남도 공주","한국관광공사 전형준","Type1","황새바위성지, 충청남도 공주, 황새바위 천주교 순교지, 십자가의 길, 바위"
"","751e12ce-fa81-4bd0-87e5-2f3af28848d0","황새바위 순교성지","대전","충남 공주시 왕릉로 118","photokorea","6","조각(황새바위)·종교어·같은 시군(공주)","","Gs905a","황새바위성지","https://tong.visitkorea.or.kr/cms/resource_photo/66/745166_image2_1.jpg","충청남도 공주","한국관광공사 전형준","Type1","황새바위성지, 충청남도 공주, 황새바위 천주교 순교지, 성지입구 성모마리아상, 잔디, 바위, 돌담, 나무"
"","751e12ce-fa81-4bd0-87e5-2f3af28848d0","황새바위 순교성지","대전","충남 공주시 왕릉로 118","photokorea","6","조각(황새바위)·종교어·같은 시군(공주)","","Gs90ja","황새바위성지","https://tong.visitkorea.or.kr/cms/resource_photo/80/745180_image2_1.jpg","충청남도 공주","한국관광공사 전형준","Type1","황새바위성지, 충청남도 공주, 황새바위 천주교 순교지, 성지입구 성모마리아상, 잔디, 바위, 돌담, 나무"
"","751e12ce-fa81-4bd0-87e5-2f3af28848d0","황새바위 순교성지","대전","충남 공주시 왕릉로 118","photokorea","6","조각(황새바위)·종교어·같은 시군(공주)","","Gs90ma","황새바위성지","https://tong.visitkorea.or.kr/cms/resource_photo/83/745183_image2_1.jpg","충청남도 공주","한국관광공사 전형준","Type1","황새바위성지, 충청남도 공주, 황새바위, 천주교 순교지, 성지표시석, 나무, 산책리, 바위, 돌담"
"","751e12ce-fa81-4bd0-87e5-2f3af28848d0","황새바위 순교성지","대전","충남 공주시 왕릉로 118","photokorea","6","조각(황새바위)·종교어·같은 시군(공주)","","jqjena","황새바위성지","https://tong.visitkorea.or.kr/cms/resource_photo/50/745150_image2_1.jpg","충청남도 공주","한국관광공사 전형준","Type1","황새바위성지, 충청남도 공주, 황새바위 천주교 순교지, 무덤경당, 잔디, 나무, 12사도 상징석 "
"","751e12ce-fa81-4bd0-87e5-2f3af28848d0","황새바위 순교성지","대전","충남 공주시 왕릉로 118","photokorea","6","조각(황새바위)·종교어·같은 시군(공주)","","jqjeoa","황새바위성지","https://tong.visitkorea.or.kr/cms/resource_photo/51/745151_image2_1.jpg","충청남도 공주","한국관광공사 전형준","Type1","황새바위성지, 충청남도 공주, 황새바위 천주교 순교지, 무덤경당, 잔디, 나무, 순교탑"
"","751e12ce-fa81-4bd0-87e5-2f3af28848d0","황새바위 순교성지","대전","충남 공주시 왕릉로 118","photokorea","6","조각(황새바위)·종교어·같은 시군(공주)","","jqjeqa","황새바위성지","https://tong.visitkorea.or.kr/cms/resource_photo/53/745153_image2_1.jpg","충청남도 공주","한국관광공사 전형준","Type1","황새바위성지, 충청남도 공주, 황새바위 천주교 순교지, 무덤경당, 잔디, 나무, 돌기둥"
"","751e12ce-fa81-4bd0-87e5-2f3af28848d0","황새바위 순교성지","대전","충남 공주시 왕릉로 118","photokorea","6","조각(황새바위)·종교어·같은 시군(공주)","","jqjera","황새바위성지","https://tong.visitkorea.or.kr/cms/resource_photo/54/745154_image2_1.jpg","충청남도 공주","한국관광공사 전형준","Type1","황새바위성지, 충청남도 공주, 황새바위 천주교 순교지, 무덤경당, 잔디, 나무"
